dataTime,total_confirmed,total_death,total_recovered,total_hosp,total_intens,total_tests,B_confirmed,B_death,B_recovered,B_hosp,B_intens,K_confirmed,K_death,K_recovered,K_hosp,K_intens,Noe_confirmed,Noe_death,Noe_recovered,Noe_hosp,Noe_intens,Ooe_confirmed,Ooe_death,Ooe_recovered,Ooe_hosp,Ooe_intens,S_confirmed,S_death,S_recovered,S_hosp,S_intens,St_confirmed,St_death,St_recovered,St_hosp,St_intens,T_confirmed,T_death,T_recovered,T_hosp,T_intens,V_confirmed,V_death,V_recovered,V_hosp,V_intens,W_confirmed,W_death,W_recovered,W_hosp,W_intens,remarks,source,viewedTime
25.02.2020 14:30:00,2,0,0,,,218,,,,,,,,,,,,,,,,,,,,,,,,,,,,,,,,,,,,,,,,,,,,,,"field 'tests' refreshed Mo-Fr 10:00","https://web.archive.org/web/20200225155838/https://www.sozialministerium.at/Informationen-zum-Coronavirus/Neuartiges-Coronavirus-(2019-nCov).html",18.03.2020 07:00:00
26.02.2020 10:00:00,2,0,0,,,321,,,,,,,,,,,,,,,,,,,,,,,,,,,,,,,,,,,,,,,,,,,,,,"","https://web.archive.org/web/20200226220729/https://www.sozialministerium.at/Informationen-zum-Coronavirus/Neuartiges-Coronavirus-(2019-nCov).html",18.03.2020 07:00:00
27.02.2020 17:15:00,3,0,0,,,447,,,,,,,,,,,,,,,,,,,,,,,,,,,,,,,,,,,,,,,,,,,,,,"","https://web.archive.org/web/20200227163730/https://www.sozialministerium.at/Informationen-zum-Coronavirus/Neuartiges-Coronavirus-(2019-nCov).html",18.03.2020 07:00:00
28.02.2020 16:30:00,6,0,0,,,763,,,,,,,,,,,,,,,,,,,,,,,,,,,,,,,,,,,,,,,,,,,,,,"","https://web.archive.org/web/20200228195506/https://www.sozialministerium.at/Informationen-zum-Coronavirus/Neuartiges-Coronavirus-(2019-nCov).html",18.03.2020 07:00:00
29.02.2020 10:45:00,9,0,0,,,1649,,,,,,,,,,,,,,,,,,,,,,,,,,,,,,,,,,,,,,,,,,,,,,"","https://web.archive.org/web/20200229115109/https://www.sozialministerium.at/Informationen-zum-Coronavirus/Neuartiges-Coronavirus-(2019-nCov).html",18.03.2020 07:00:00
01.03.2020 12:00:00,10,0,0,,,1826,0,0,0,,,0,0,0,,,2,0,0,,,0,0,0,,,1,0,0,,,1,0,0,,,2,0,0,,,0,0,0,,,4,0,0,,,"time unknown, set to 12:00","https://de.wikipedia.org/wiki/COVID-19-F%C3%A4lle_in_%C3%96sterreich",18.03.2020 07:45:00
02.03.2020 18:00:00,18,0,0,,,2683,0,0,0,,,0,0,0,,,2,0,0,,,0,0,0,,,2,0,0,,,3,0,0,,,2,0,0,,,0,0,0,,,9,0,0,,,"","https://de.wikipedia.org/wiki/COVID-19-F%C3%A4lle_in_%C3%96sterreich",18.03.2020 07:45:00
03.03.2020 11:30:00,21,0,0,,,2683,0,0,0,,,0,0,0,,,3,0,0,,,0,0,0,,,2,0,0,,,3,0,0,,,2,0,0,,,0,0,0,,,11,0,0,,,"","https://web.archive.org/web/20200303112342/https://www.sozialministerium.at/Informationen-zum-Coronavirus/Neuartiges-Coronavirus-(2019-nCov).html",18.03.2020 07:00:00
03.03.2020 16:00:00,24,0,0,,,2683,0,0,0,,,0,0,0,,,3,0,0,,,0,0,0,,,2,0,0,,,3,0,0,,,2,0,0,,,0,0,0,,,14,0,0,,,"","https://web.archive.org/web/20200303181915/https://www.sozialministerium.at/Informationen-zum-Coronavirus/Neuartiges-Coronavirus-(2019-nCov).html",18.03.2020 07:00:00
04.03.2020 18:00:00,29,0,0,,,3138,0,0,0,,,0,0,0,,,5,0,0,,,0,0,0,,,3,0,0,,,4,0,0,,,2,0,0,,,0,0,0,,,15,0,0,,,"","https://de.wikipedia.org/wiki/COVID-19-F%C3%A4lle_in_%C3%96sterreich",18.03.2020 07:45:00
05.03.2020 15:00:00,41,0,0,,,3711,0,0,0,,,1,0,0,,,12,0,0,,,0,0,0,,,4,0,0,,,4,0,0,,,3,0,0,,,1,0,0,,,16,0,0,,,"field 'tests' refreshed daily 08:00","https://de.wikipedia.org/wiki/COVID-19-F%C3%A4lle_in_%C3%96sterreich",18.03.2020 07:50:00
06.03.2020 15:00:00,55,0,0,,,4000,0,0,0,,,1,0,0,,,15,0,0,,,1,0,0,,,5,0,0,,,5,0,0,,,4,0,0,,,1,0,0,,,23,0,0,,,"","https://de.wikipedia.org/wiki/COVID-19-F%C3%A4lle_in_%C3%96sterreich",18.03.2020 07:50:00
07.03.2020 15:00:00,79,0,0,,,4308,4,0,0,,,1,0,0,,,23,0,0,,,4,0,0,,,5,0,0,,,6,0,0,,,7,0,0,,,1,0,0,,,28,0,0,,,"","https://de.wikipedia.org/wiki/COVID-19-F%C3%A4lle_in_%C3%96sterreich",18.03.2020 07:50:00
08.03.2020 11:45:00,99,0,2,,,4509,4,0,0,,,1,0,0,,,31,0,0,,,7,0,0,,,7,0,0,,,8,0,0,,,8,0,2,,,1,0,0,,,32,0,0,,,"","https://de.wikipedia.org/wiki/COVID-19-F%C3%A4lle_in_%C3%96sterreich",18.03.2020 07:50:00
09.03.2020 15:00:00,131,0,2,,,4734,4,0,0,,,1,0,0,,,36,0,0,,,11,0,0,,,9,0,0,,,16,0,0,,,16,0,2,,,3,0,0,,,35,0,0,,,"","https://de.wikipedia.org/wiki/COVID-19-F%C3%A4lle_in_%C3%96sterreich",18.03.2020 07:50:00
10.03.2020 08:00:00,157,0,2,,,5026,4,0,0,,,1,0,0,,,39,0,0,,,13,0,0,,,10,0,0,,,17,0,0,,,27,0,2,,,3,0,0,,,43,0,0,,,"","https://web.archive.org/web/20200310115920/https://www.sozialministerium.at/Informationen-zum-Coronavirus/Neuartiges-Coronavirus-(2019-nCov).html",18.03.2020 07:00:00
10.03.2020 15:00:00,182,0,4,,,5026,4,0,0,,,1,0,0,,,40,0,0,,,22,0,0,,,12,0,0,,,17,0,0,,,32,0,2,,,11,0,0,,,43,0,2,,,"","https://de.wikipedia.org/wiki/COVID-19-F%C3%A4lle_in_%C3%96sterreich",18.03.2020 07:50:00
11.03.2020 08:00:00,206,0,4,,,5362,4,0,0,,,1,0,0,,,45,0,0,,,28,0,0,,,11,0,0,,,18,0,0,,,37,0,2,,,12,0,0,,,50,0,2,,,"","https://web.archive.org/web/20200311083512/https://www.sozialministerium.at/Informationen-zum-Coronavirus/Neuartiges-Coronavirus-(2019-nCov).html",18.03.2020 07:00:00
11.03.2020 15:00:00,246,0,4,,,5362,4,0,0,,,3,0,0,,,45,0,0,,,35,0,0,,,14,0,0,,,25,0,0,,,57,0,2,,,13,0,0,,,50,0,2,,,"","https://web.archive.org/web/20200311151039/https://www.sozialministerium.at/Informationen-zum-Coronavirus/Neuartiges-Coronavirus-(2019-nCov).html",18.03.2020 07:00:00
12.03.2020 12:30:00,302,1,4,,,5869,4,0,0,,,3,0,0,,,51,0,0,,,50,0,0,,,13,0,0,,,27,0,0,,,81,0,2,,,15,0,0,,,58,1,2,,,"","https://web.archive.org/web/20200312123733/https://www.sozialministerium.at/Informationen-zum-Coronavirus/Neuartiges-Coronavirus-(2019-nCov).html",18.03.2020 07:00:00
12.03.2020 15:00:00,361,1,4,,,5869,6,0,0,,,3,0,0,,,51,0,0,,,58,0,0,,,19,0,0,,,33,0,0,,,109,0,2,,,16,0,0,,,66,1,2,,,"","https://web.archive.org/web/20200312201945/https://www.sozialministerium.at/Informationen-zum-Coronavirus/Neuartiges-Coronavirus-(2019-nCov).html",18.03.2020 07:00:00
13.03.2020 08:00:00,422,1,6,,,6582,6,0,0,,,4,0,0,,,63,0,1,,,68,0,0,,,20,0,0,,,38,0,0,,,132,0,2,,,17,0,0,,,74,1,3,,,"","https://web.archive.org/web/20200313103723/https://www.sozialministerium.at/Informationen-zum-Coronavirus/Neuartiges-Coronavirus-(2019-nCov).html",18.03.2020 07:00:00
13.03.2020 15:00:00,504,1,6,,,6582,7,0,0,,,4,0,0,,,63,0,1,,,84,0,0,,,23,0,0,,,52,0,0,,,167,0,2,,,22,0,0,,,82,1,3,,,"","https://de.wikipedia.org/wiki/COVID-19-F%C3%A4lle_in_%C3%96sterreich",18.03.2020 07:50:00
14.03.2020 08:00:00,602,1,6,,,7467,9,0,0,,,4,0,0,,,82,0,1,,,101,0,0,,,28,0,0,,,61,0,0,,,206,0,2,,,26,0,0,,,85,1,3,,,"","https://web.archive.org/web/20200314095540/https://www.sozialministerium.at/Informationen-zum-Coronavirus/Neuartiges-Coronavirus-(2019-nCov).html",18.03.2020 07:00:00
14.03.2020 15:00:00,655,1,6,,,7467,10,0,0,,,5,0,0,,,82,0,1,,,116,0,0,,,30,0,0,,,71,0,0,,,206,0,2,,,34,0,0,,,101,1,3,,,"","https://de.wikipedia.org/wiki/COVID-19-F%C3%A4lle_in_%C3%96sterreich",18.03.2020 07:50:00
15.03.2020 08:00:00,800,1,6,,,8167,10,0,0,,,6,0,0,,,112,0,1,,,158,0,0,,,39,0,0,,,83,0,0,,,245,0,2,,,39,0,0,,,108,1,3,,,"","https://web.archive.org/web/20200315105114/https://www.sozialministerium.at/Informationen-zum-Coronavirus/Neuartiges-Coronavirus-(2019-nCov).html",18.03.2020 07:00:00
15.03.2020 15:00:00,860,1,6,,,8167,10,0,0,,,6,0,0,,,111,0,1,,,159,0,0,,,39,0,0,,,111,0,0,,,254,0,2,,,48,0,0,,,122,1,3,,,"","https://de.wikipedia.org/wiki/COVID-19-F%C3%A4lle_in_%C3%96sterreich",18.03.2020 07:50:00
16.03.2020 08:00:00,959,1,6,,,8490,10,0,0,,,7,0,0,,,150,0,1,,,196,0,0,,,54,0,0,,,111,0,0,,,254,0,2,,,55,0,0,,,122,1,3,,,"","https://web.archive.org/web/20200316094816/https://www.sozialministerium.at/Informationen-zum-Coronavirus/Neuartiges-Coronavirus-(2019-nCov).html",18.03.2020 07:00:00
16.03.2020 15:00:00,1016,3,6,,,8490,10,0,0,,,18,0,0,,,152,0,1,,,202,0,0,,,58,0,0,,,139,1,0,,,254,0,2,,,55,0,0,,,128,2,3,,,"","https://de.wikipedia.org/wiki/COVID-19-F%C3%A4lle_in_%C3%96sterreich",18.03.2020 07:50:00
17.03.2020 08:00:00,1132,3,8,,,10278,11,0,0,,,18,0,0,,,165,0,2,,,231,0,0,,,66,0,0,,,145,1,0,,,275,0,2,,,91,0,0,,,130,2,5,,,"","https://de.wikipedia.org/wiki/COVID-19-F%C3%A4lle_in_%C3%96sterreich",17.03.2020 15:50:00
17.03.2020 15:00:00,1332,3,9,,,10278,11,0,0,,,27,0,0,,,216,0,2,,,248,0,0,,,66,0,0,,,171,1,0,,,328,0,2,,,99,0,0,,,166,2,5,,,"","https://www.sozialministerium.at/Informationen-zum-Coronavirus/Neuartiges-Coronavirus-(2019-nCov).html",18.03.2020 07:30:00
18.03.2020 08:00:00,1471,3,9,,,11977,13,0,0,,,29,0,0,,,237,0,2,,,285,0,0,,,80,0,0,,,188,1,0,,,352,0,2,,,107,0,0,,,180,2,5,,,"","https://www.sozialministerium.at/Informationen-zum-Coronavirus/Neuartiges-Coronavirus-(2019-nCov).html",18.03.2020 08:42:00
18.03.2020 15:00:00,1646,4,9,,,11977,20,0,0,,,41,0,0,,,256,0,2,,,305,0,0,,,89,0,0,,,220,2,0,,,382,0,2,,,124,0,0,,,209,2,5,,,"","https://www.sozialministerium.at/Informationen-zum-Coronavirus/Neuartiges-Coronavirus-(2019-nCov).html",18.03.2020 16:40:00
19.03.2020 08:00:00,1843,5,9,,,13724,21,0,0,,,45,0,0,,,283,0,2,,,345,0,0,,,110,0,0,,,233,3,0,,,437,0,2,,,138,0,0,,,231,2,5,,,"","https://www.sozialministerium.at/Informationen-zum-Coronavirus/Neuartiges-Coronavirus-(2019-nCov).html",19.03.2020 12:10:00
19.03.2020 14:30:00,2013,6,9,,,13724,29,0,0,,,50,0,0,,,305,0,2,,,371,1,0,,,127,0,0,,,282,3,0,,,464,0,2,,,151,0,0,,,234,2,5,,,"","https://www.sozialministerium.at/Informationen-zum-Coronavirus/Neuartiges-Coronavirus-(2019-nCov).html",19.03.2020 15:30:00
20.03.2020 08:00:00,2203,6,9,,,15613,32,0,0,,,63,0,0,,,317,0,2,,,399,1,0,,,147,0,0,,,299,3,0,,,490,0,2,,,179,0,0,,,277,2,5,,,"","https://www.sozialministerium.at/Informationen-zum-Coronavirus/Neuartiges-Coronavirus-(2019-nCov).html",20.03.2020 09:25:00
20.03.2020 14:30:00,2388,6,9,,,15613,33,0,0,,,71,0,0,,,355,0,2,,,421,1,0,,,167,0,0,,,340,3,0,,,508,0,2,,,197,0,0,,,296,2,5,,,"","https://www.sozialministerium.at/Informationen-zum-Coronavirus/Neuartiges-Coronavirus-(2019-nCov).html",20.03.2020 15:30:00
21.03.2020 08:00:00,2664,7,9,,,18545,35,0,0,,,74,0,0,,,390,0,2,,,507,1,0,,,175,0,0,,,350,3,0,,,568,0,2,,,215,0,0,,,350,3,5,,,"","https://www.sozialministerium.at/Informationen-zum-Coronavirus/Neuartiges-Coronavirus-(2019-nCov).html",21.03.2020 09:05:00
21.03.2020 15:00:00,2814,8,9,,,18545,54,0,0,,,83,0,0,,,394,1,2,,,548,1,0,,,185,0,0,,,388,3,0,,,575,0,2,,,228,0,0,,,359,3,5,,,"","https://www.sozialministerium.at/Informationen-zum-Coronavirus/Neuartiges-Coronavirus-(2019-nCov).html",22.03.2020 07:35:00
22.03.2020 08:00:00,3026,9,9,,,21368,54,0,0,,,98,0,0,,,422,1,2,,,606,1,0,,,209,0,0,,,393,4,0,,,626,0,2,,,249,0,0,,,369,3,5,,,"","https://www.sozialministerium.at/Informationen-zum-Coronavirus/Neuartiges-Coronavirus-(2019-nCov).html",22.03.3030 08:31:00
22.03.2020 15:00:00,3244,16,9,,,21368,63,1,0,,,105,1,0,,,446,1,2,,,628,2,0,,,269,0,0,,,423,4,0,,,644,0,2,,,263,0,0,,,403,7,5,,,"","https://www.sozialministerium.at/Informationen-zum-Coronavirus/Neuartiges-Coronavirus-(2019-nCov).html",22.03.2020 15:30:00
23.03.2020 08:00:00,3611,16,9,,,23429,64,1,0,,,113,1,0,,,512,1,2,,,696,2,0,,,358,0,0,,,447,4,0,,,676,0,2,,,294,0,0,,,451,7,5,,,"","https://www.sozialministerium.at/Informationen-zum-Coronavirus/Neuartiges-Coronavirus-(2019-nCov).html",23.03.2020 08:40:00
23.03.2020 15:00:00,3924,21,9,,,23429,71,1,0,,,122,1,0,,,564,1,2,,,707,2,0,,,372,0,0,,,486,4,0,,,803,1,2,,,323,0,0,,,476,11,5,,,"","https://www.sozialministerium.at/Informationen-zum-Coronavirus/Neuartiges-Coronavirus-(2019-nCov).html",23.03.2020 15:50:00
24.03.2020 08:00:00,4486,25,9,,,28391,85,2,0,,,135,1,0,,,610,3,2,,,764,2,0,,,405,0,0,,,504,5,0,,,1067,1,2,,,354,0,0,,,562,11,5,,,"no new data for 'recovered' published","https://www.sozialministerium.at/Informationen-zum-Coronavirus/Neuartiges-Coronavirus-(2019-nCov).html",24.03.2020 09:30:00
24.03.2020 15:00:00,4876,28,9,,,28391,84,2,0,,,141,1,0,,,620,3,2,,,795,2,0,,,429,0,0,,,558,5,0,,,1253,4,2,,,379,0,0,,,617,11,5,,,"no new data for 'recovered' published","https://www.sozialministerium.at/Informationen-zum-Coronavirus/Neuartiges-Coronavirus-(2019-nCov).html",24.03.2020 15:30:00
25.03.2020 08:00:00,5282,30,,,,32407,88,2,,,,145,1,,,,691,4,,,,860,2,,,,493,0,,,,585,5,,,,1338,4,,,,404,0,,,,678,12,,,,"no data for 'recovered'","https://www.sozialministerium.at/Informationen-zum-Coronavirus/Neuartiges-Coronavirus-(2019-nCov).html",25.03.2020 08:40:00
25.03.2020 15:00:00,5560,31,,,,32407,89,2,,,,161,1,,,,750,5,,,,915,2,,,,516,0,,,,627,5,,,,1393,4,,,,407,0,,,,702,12,,,,"no data for 'recovered'","https://www.sozialministerium.at/Informationen-zum-Coronavirus/Neuartiges-Coronavirus-(2019-nCov).html",25.03.2020 15:15:00
26.03.2020 08:00:00,5888,34,,,,35995,89,2,,,,168,1,,,,799,5,,,,1024,2,,,,588,1,,,,633,7,,,,1460,4,,,,422,0,,,,735,12,,,,"no data for 'recovered', published sum of confirmed <> totals (5918 vs. 5888)","https://www.sozialministerium.at/Informationen-zum-Coronavirus/Neuartiges-Coronavirus-(2019-nCov).html",25.03.2020 08:30:00
26.03.2020 08:00:00,5888,34,,,,35995,89,2,,,,168,1,,,,799,5,,,,1024,2,,,,558,1,,,,633,7,,,,1460,4,,,,422,0,,,,735,12,,,,"no data for 'recovered', value 'confirmed' for Salzburg corrected (588->558)","https://www.sozialministerium.at/Informationen-zum-Coronavirus/Neuartiges-Coronavirus-(2019-nCov).html",25.03.2020 09:08:00
26.03.2020 15:00:00,6398,49,,,,35995,115,2,,,,183,2,,,,873,12,,,,1054,3,,,,591,1,,,,699,11,,,,1623,4,,,,435,0,,,,825,14,,,,"no data for 'recovered' ","https://www.sozialministerium.at/Informationen-zum-Coronavirus/Neuartiges-Coronavirus-(2019-nCov).html",25.03.2020 15:25:00
27.03.2020 08:00:00,7029,52,,,,35995,117,2,,,,191,2,,,,1031,13,,,,1168,3,,,,680,1,,,,753,11,,,,1694,5,,,,473,1,,,,922,14,,,,"no data for 'recovered', no new data for 'tests' ","https://www.sozialministerium.at/Informationen-zum-Coronavirus/Neuartiges-Coronavirus-(2019-nCov).html",27.03.2020 10:00:00
27.03.2020 08:00:00,7029,52,,672,128,39552,117,2,,7,4,189,2,,14,8,992,13,,109,18,1162,4,,72,10,680,1,,38,10,742,13,,163,16,1689,6,,128,38,473,1,,26,10,918,16,,115,14,"currently no data for 'recovered', new data for 'hospitalisiert' and 'intensivstation' from 09:30","https://www.sozialministerium.at/Informationen-zum-Coronavirus/Neuartiges-Coronavirus-(2019-nCov).html and https://www.sozialministerium.at/Informationen-zum-Coronavirus/Dashboard/Zahlen-zur-Hospitalisierung",27.03.2020 12:30:00
27.03.2020 15:00:00,7399,52,,800,128,39552,138,2,,11,4,202,2,,22,8,1140,13,,127,18,1217,4,,82,10,687,1,,48,10,759,13,,179,16,1752,6,,166,38,501,1,,36,10,1003,16,,129,14,"currently no data for 'recovered', new data for 'hospitalisiert' and 'intensivstation' from 09:30","https://www.sozialministerium.at/Informationen-zum-Coronavirus/Neuartiges-Coronavirus-(2019-nCov).html and https://www.sozialministerium.at/Informationen-zum-Coronavirus/Dashboard/Zahlen-zur-Hospitalisierung",27.03.2020 12:30:00
28.03.2020 08:00:00,7697,68,,744,135,42750,140,2,,9,4,204,2,,22,8,1163,13,,127,18,1285,4,,82,10,728,4,,48,10,812,17,,125,23,1801,9,,166,38,535,1,,36,10,1029,16,,129,14,"currently no data for 'recovered'","https://www.sozialministerium.at/Informationen-zum-Coronavirus/Neuartiges-Coronavirus-(2019-nCov).html and https://www.sozialministerium.at/Informationen-zum-Coronavirus/Dashboard/Zahlen-zur-Hospitalisierung",28.03.2020 09:18:00
28.03.2020 08:00:00,7995,68,,744,135,42750,142,2,,9,4,221,2,,22,8,1262,13,,127,18,1332,4,,82,10,751,4,,48,10,828,17,,125,23,1846,9,,166,38,549,1,,36,10,1046,16,,129,14,"currently no data for 'recovered', sum confirmed not correct","https://www.sozialministerium.at/Informationen-zum-Coronavirus/Neuartiges-Coronavirus-(2019-nCov).html and https://www.sozialministerium.at/Informationen-zum-Coronavirus/Dashboard/Zahlen-zur-Hospitalisierung",28.03.2020 15:55:00
28.03.2020 08:00:00,7697,68,,744,135,42750,140,2,,9,4,204,2,,22,8,1163,13,,127,18,1285,4,,82,10,728,4,,48,10,812,17,,125,23,1801,9,,166,38,535,1,,36,10,1029,16,,129,14,"currently no data for 'recovered'","https://www.sozialministerium.at/Informationen-zum-Coronavirus/Neuartiges-Coronavirus-(2019-nCov).html and https://www.sozialministerium.at/Informationen-zum-Coronavirus/Dashboard/Zahlen-zur-Hospitalisierung",28.03.2020 09:18:00
28.03.2020 15:00:00,7995,68,,744,135,42750,142,2,,9,4,221,2,,22,8,1262,13,,127,18,1332,4,,82,10,751,4,,48,10,828,17,,125,23,1846,9,,166,38,549,1,,36,10,1046,16,,129,14,"currently no data for 'recovered', sum confirmed not correct","https://www.sozialministerium.at/Informationen-zum-Coronavirus/Neuartiges-Coronavirus-(2019-nCov).html and https://www.sozialministerium.at/Informationen-zum-Coronavirus/Dashboard/Zahlen-zur-Hospitalisierung",28.03.2020 15:55:00
27.03.2020 15:00:00,7441,58,,800,128,39552,138,2,,11,4,202,2,,22,8,1140,13,,127,18,1217,4,,82,10,687,1,,48,10,759,13,,179,16,1752,6,,166,38,501,1,,36,10,1003,16,,129,14,"currently no data for 'recovered', new data for 'hospitalisiert' and 'intensivstation' from 09:30, total 7399 <> total 7441 @ info-seite - corrected sums: 7441 and 58 death","https://www.sozialministerium.at/Informationen-zum-Coronavirus/Neuartiges-Coronavirus-(2019-nCov).html and https://www.sozialministerium.at/Informationen-zum-Coronavirus/Dashboard/Zahlen-zur-Hospitalisierung",27.03.2020 12:30:00
29.03.2020 08:00:00,8291,68,,744,135,42750,153,2,,9,4,223,2,,22,8,1276,13,,127,18,1402,4,,82,10,793,4,,48,10,873,17,,125,23,1907,9,,166,38,577,1,,36,10,1087,16,,129,14,"currently no data for 'recovered', values 'test', 'hosp' and 'intens' are from yesterday 28.3.2020 08:00","https://www.sozialministerium.at/Informationen-zum-Coronavirus/Neuartiges-Coronavirus-(2019-nCov).html and https://www.sozialministerium.at/Informationen-zum-Coronavirus/Dashboard/Zahlen-zur-Hospitalisierung",29.03.2020 08:50:00
29.03.2020 08:00:00,8291,86,479,931,187,46441,153,3,,10,4,223,2,,22,9,1276,19,,160,26,1402,7,,138,22,793,4,,53,12,873,19,,142,24,1907,10,,185,42,577,1,,45,13,1087,21,,176,35,"currently no data for 'recovered', values 'test', 'hosp' and 'intens' are from 29.3.2020 09:30","https://www.sozialministerium.at/Informationen-zum-Coronavirus/Neuartiges-Coronavirus-(2019-nCov).html and https://www.sozialministerium.at/Informationen-zum-Coronavirus/Dashboard/Zahlen-zur-Hospitalisierung",29.03.2020 10:50:00
29.03.2020 15:00:00,8536,86,479,931,187,46441,159,3,,10,4,239,2,,22,9,1350,19,,160,26,1451,7,,138,22,798,4,,53,12,915,19,,142,24,1944,10,,185,42,579,1,,45,13,1101,21,,176,35,"","https://www.sozialministerium.at/Informationen-zum-Coronavirus/Neuartiges-Coronavirus-(2019-nCov).html and https://www.sozialministerium.at/Informationen-zum-Coronavirus/Dashboard/Zahlen-zur-Hospitalisierung",29.03.2020 17:00:00
30.03.2020 08:00:00,8813,86,479,931,187,49455,171,3,,10,4,246,2,,22,9,1386,19,,160,26,1509,7,,138,22,849,4,,53,12,929,19,,142,24,2001,10,,185,42,606,1,,45,13,1116,21,,176,35,"'death' and 'recovered' from 29.3.2020 09:30","https://www.sozialministerium.at/Informationen-zum-Coronavirus/Neuartiges-Coronavirus-(2019-nCov).html and https://www.sozialministerium.at/Informationen-zum-Coronavirus/Dashboard/Zahlen-zur-Hospitalisierung",30.03.2020 08:50:00
30.03.2020 08:00:00,8813,108,636,999,193,49455,171,3,10,10,4,246,2,13,22,10,1386,28,86,167,28,1509,7,101,156,23,849,7,43,58,13,929,24,28,147,19,2001,13,270,198,50,606,1,47,49,13,1116,23,38,188,35,"'death', 'recovered', 'hosp', 'intens' from 30.3.2020 09:30","https://www.sozialministerium.at/Informationen-zum-Coronavirus/Neuartiges-Coronavirus-(2019-nCov).html and https://www.sozialministerium.at/Informationen-zum-Coronavirus/Dashboard/Zahlen-zur-Hospitalisierung",30.03.2020 13:00:00
30.03.2020 15:00:00,9377,108,636,999,193,49455,179,3,10,10,4,261,2,13,22,10,1533,28,86,167,28,1535,7,101,156,23,855,7,43,58,13,958,24,28,147,19,2205,13,270,198,50,616,1,47,49,13,1235,23,38,188,35,"'death', 'recovered', 'hosp', 'intens' from 30.3.2020 09:30","https://www.sozialministerium.at/Informationen-zum-Coronavirus/Neuartiges-Coronavirus-(2019-nCov).html and https://www.sozialministerium.at/Informationen-zum-Coronavirus/Dashboard/Zahlen-zur-Hospitalisierung",30.03.2020 17:30:00
31.03.2020 08:00:00,9634,128,1095,1110,198,52344,181,3,10,10,3,267,2,13,32,12,1551,28,86,223,32,1563,10,101,167,27,909,9,43,63,9,1000,30,28,149,24,2234,19,270,213,57,626,2,47,62,12,1303,25,38,191,22,"'death', 'recovered total', hosp and intens from 31.3.2020 09:30, 'recovered bundeslaender' from 30.3.2020 09:30","https://www.sozialministerium.at/Informationen-zum-Coronavirus/Neuartiges-Coronavirus-(2019-nCov).html and https://www.sozialministerium.at/Informationen-zum-Coronavirus/Dashboard/Zahlen-zur-Hospitalisierung",31.03.2020 11:10:00
31.03.2020 15:00:00,9974,128,1095,1110,198,52344,182,3,10,10,3,273,2,13,32,12,1616,28,86,223,32,1596,10,101,167,27,911,9,43,63,9,1049,30,28,149,24,2323,19,270,213,57,646,2,47,62,12,1378,25,38,191,22,"'death', 'recovered total', hosp and intens from 31.3.2020 09:30, 'recovered bundeslaender' from 30.3.2020 09:30","https://www.sozialministerium.at/Informationen-zum-Coronavirus/Neuartiges-Coronavirus-(2019-nCov).html and https://www.sozialministerium.at/Informationen-zum-Coronavirus/Dashboard/Zahlen-zur-Hospitalisierung",31.03.2020 11:16:00
01.04.2020 08:00:00,10192,128,1095,1110,198,55863,185,3,10,10,3,278,2,13,32,12,1637,28,86,223,32,1642,10,101,167,27,949,9,43,63,9,1063,30,28,149,24,2361,19,270,213,57,659,2,47,62,12,1418,25,38,191,22,"'death', 'recovered total', hosp and intens from 31.3.2020 09:30, 'recovered bundeslaender' from 30.3.2020 09:30","https://www.sozialministerium.at/Informationen-zum-Coronavirus/Neuartiges-Coronavirus-(2019-nCov).html and https://www.sozialministerium.at/Informationen-zum-Coronavirus/Dashboard/Zahlen-zur-Hospitalisierung",01.04.2020 08:40:00
01.04.2020 08:00:00,10192,128,1095,1071,215,55863,185,3,10,10,3,278,2,13,29,11,1637,28,86,200,36,1642,12,101,142,29,949,11,43,66,10,1063,34,28,165,27,2361,24,270,213,57,659,3,47,51,12,1418,29,38,195,30,"'death' from 1.4.2020 10:00, 'recovered total' from 31.3.2020 09:30, 'recovered bundeslaender' from 30.3.2020 09:30, 'hosp' and 'intens' from 1.4.2020 10:00","https://www.sozialministerium.at/Informationen-zum-Coronavirus/Neuartiges-Coronavirus-(2019-nCov).html and https://www.sozialministerium.at/Informationen-zum-Coronavirus/Dashboard/Zahlen-zur-Hospitalisierung",01.04.2020 11:20:00
01.04.2020 15:00:00,10482,146,1436,1071,215,55863,188,3,10,10,3,293,2,13,29,11,1685,28,86,200,36,1671,12,101,142,29,955,11,43,66,10,1113,34,28,165,27,2414,24,270,213,57,666,3,47,51,12,1497,29,38,195,30,"'death' from 1.4.2020 10:00, 'recovered total' from 1.4.2020 10:00, 'recovered bundeslaender' from 30.3.2020 09:30, 'hosp' and 'intens' from 1.4.2020 10:00","https://www.sozialministerium.at/Informationen-zum-Coronavirus/Neuartiges-Coronavirus-(2019-nCov).html and https://www.sozialministerium.at/Informationen-zum-Coronavirus/Dashboard/Zahlen-zur-Hospitalisierung",01.04.2020 16:20:00
02.04.2020 08:00:00,10769,158,1749,1027,227,92190,198,3,21,13,3,295,2,51,28,11,1717,28,298,203,43,1739,14,371,138,31,993,12,130,65,13,1137,35,99,149,28,2462,28,546,215,56,680,5,147,51,12,1548,31,86,165,30,"'death' from 2.4.2020 09:30, 'recovered' from 2.4.2020 09:30, 'hosp' and 'intens' from 2.4.2020 09:30","https://www.sozialministerium.at/Informationen-zum-Coronavirus/Neuartiges-Coronavirus-(2019-nCov).html and https://www.sozialministerium.at/Informationen-zum-Coronavirus/Dashboard/Zahlen-zur-Hospitalisierung",02.04.2020 11:03:00
02.04.2020 15:00:00,10967,158,1749,1027,227,92190,201,3,21,13,3,300,2,51,28,11,1738,28,298,203,43,1781,14,371,138,31,994,12,130,65,13,1158,35,99,149,28,2531,28,546,215,56,681,5,147,51,12,1583,31,86,165,30,"'death' from 2.4.2020 09:30, 'recovered' from 2.4.2020 09:30, 'hosp' and 'intens' from 2.4.2020 09:30","https://www.sozialministerium.at/Informationen-zum-Coronavirus/Neuartiges-Coronavirus-(2019-nCov).html and https://www.sozialministerium.at/Informationen-zum-Coronavirus/Dashboard/Zahlen-zur-Hospitalisierung",02.04.2020 16:00:00
03.04.2020 08:00:00,11171,158,1749,1027,227,92190,203,3,21,13,3,300,2,51,28,11,1775,28,298,203,43,1806,14,371,138,31,1033,12,130,65,13,1169,35,99,149,28,2568,28,546,215,56,697,5,147,51,12,1620,31,86,165,30,"'death' from 2.4.2020 09:30, 'recovered' from 2.4.2020 09:30, 'hosp' and 'intens' from 2.4.2020 09:30","https://www.sozialministerium.at/Informationen-zum-Coronavirus/Neuartiges-Coronavirus-(2019-nCov).html and https://www.sozialministerium.at/Informationen-zum-Coronavirus/Dashboard/Zahlen-zur-Hospitalisierung",03.04.2020 08:55:00
03.04.2020 08:00:00,11171,158,2022,1074,245,98343,203,3,29,12,4,300,2,65,28,11,1775,28,340,203,43,1806,14,437,135,33,1033,12,136,73,14,1169,35,103,164,30,2568,28,631,209,55,697,5,183,51,12,1620,31,98,199,43,"'death' from 2.4.2020 09:30, 'recovered' from 3.4.2020 09:30, 'hosp' and 'intens' from 3.4.2020 09:30","https://www.sozialministerium.at/Informationen-zum-Coronavirus/Neuartiges-Coronavirus-(2019-nCov).html and https://www.sozialministerium.at/Informationen-zum-Coronavirus/Dashboard/Zahlen-zur-Hospitalisierung",03.04.2020 10:50:00
03.04.2020 15:00:00,11383,168,2022,1074,245,98343,206,3,29,12,4,304,3,65,28,11,1828,28,340,203,43,1836,17,437,135,33,1038,12,136,73,14,1205,38,103,164,30,2595,29,631,209,55,710,4,183,51,12,1661,34,98,199,43,"'death' from 3.4.2020 09:30, 'recovered' from 3.4.2020 09:30, 'hosp' and 'intens' from 3.4.2020 09:30","https://www.sozialministerium.at/Informationen-zum-Coronavirus/Neuartiges-Coronavirus-(2019-nCov).html and https://www.sozialministerium.at/Informationen-zum-Coronavirus/Dashboard/Zahlen-zur-Hospitalisierung",03.04.2020 17:30:00
04.04.2020 09:30:00,11781,168,2507,1071,245,104134,212,3,44,10,3,307,3,87,32,11,1831,28,403,206,39,1868,17,546,135,33,1074,12,190,79,15,1226,38,144,160,34,2817,29,758,210,54,745,4,216,47,12,1701,34,119,192,44,"corin.at bmsgpk_loader v0.2","https://www.sozialministerium.at/Informationen-zum-Coronavirus/Neuartiges-Coronavirus-(2019-nCov).html, https://www.sozialministerium.at/Informationen-zum-Coronavirus/Dashboard/Zahlen-zur-Hospitalisierung",04.04.2020 11:04:02
04.04.2020 15:00:00,11665,186,2507,1071,245,104134,224,3,44,10,3,310,3,87,32,11,1860,31,403,206,39,1890,18,546,135,33,1059,12,190,79,15,1263,47,144,160,34,2658,31,758,210,54,722,4,216,47,12,1679,37,119,192,44,"corin.at bmsgpk_loader v0.2","https://www.sozialministerium.at/Informationen-zum-Coronavirus/Neuartiges-Coronavirus-(2019-nCov).html, https://www.sozialministerium.at/Informationen-zum-Coronavirus/Dashboard/Zahlen-zur-Hospitalisierung",04.04.2020 16:38:56
05.04.2020 08:00:00,11767,186,2507,1071,245,104134,224,3,44,10,3,310,3,87,32,11,1863,31,403,206,39,1916,18,546,135,33,1068,12,190,79,15,1285,47,144,160,34,2690,31,758,210,54,722,4,216,47,12,1689,37,119,192,44,"corin.at bmsgpk_loader v0.2","https://www.sozialministerium.at/Informationen-zum-Coronavirus/Neuartiges-Coronavirus-(2019-nCov).html, https://www.sozialministerium.at/Informationen-zum-Coronavirus/Dashboard/Zahlen-zur-Hospitalisierung",05.04.2020 09:21:23
05.04.2020 15:00:00,11907,204,2998,1056,244,108416,226,3,44,12,6,319,4,97,35,13,1903,31,448,212,43,1932,20,653,136,32,1069,14,231,90,14,1311,53,169,138,28,2704,35,984,196,54,742,4,247,45,12,1701,40,125,192,42,"corin.at bmsgpk_loader v0.2","https://www.sozialministerium.at/Informationen-zum-Coronavirus/Neuartiges-Coronavirus-(2019-nCov).html, https://www.sozialministerium.at/Informationen-zum-Coronavirus/Dashboard/Zahlen-zur-Hospitalisierung",05.04.2020 15:36:29
06.04.2020 08:00:00,12008,204,2998,1056,244,108416,228,3,44,12,6,319,4,97,35,13,1927,31,448,212,43,1953,20,653,136,32,1079,14,231,90,14,1312,53,169,138,28,2739,35,984,196,54,746,4,247,45,12,1705,40,125,192,42,"corin.at bmsgpk_loader v0.2","https://www.sozialministerium.at/Informationen-zum-Coronavirus/Neuartiges-Coronavirus-(2019-nCov).html, https://www.sozialministerium.at/Informationen-zum-Coronavirus/Dashboard/Zahlen-zur-Hospitalisierung",06.04.2020 08:59:54
06.04.2020 08:00:00,12008,220,3463,1074,250,111296,228,3,47,11,6,319,4,120,34,12,1927,36,481,207,43,1953,22,720,135,29,1079,15,269,90,18,1312,56,183,155,30,2739,35,1076,200,59,746,5,303,43,11,1705,44,264,199,42,"corin.at bmsgpk_loader v0.2","https://www.sozialministerium.at/Informationen-zum-Coronavirus/Neuartiges-Coronavirus-(2019-nCov).html, https://www.sozialministerium.at/Informationen-zum-Coronavirus/Dashboard/Zahlen-zur-Hospitalisierung",06.04.2020 11:51:48
06.04.2020 15:00:00,12206,220,3463,1074,250,111296,228,3,47,11,6,328,4,120,34,12,1994,36,481,207,43,1963,22,720,135,29,1083,15,269,90,18,1339,56,183,155,30,2774,35,1076,200,59,754,5,303,43,11,1743,44,264,199,42,"corin.at bmsgpk_loader v0.2","https://www.sozialministerium.at/Informationen-zum-Coronavirus/Neuartiges-Coronavirus-(2019-nCov).html, https://www.sozialministerium.at/Informationen-zum-Coronavirus/Dashboard/Zahlen-zur-Hospitalisierung",06.04.2020 18:07:10
07.04.2020 08:00:00,12332,220,3463,1074,250,111296,232,3,47,11,6,329,4,120,34,12,2043,36,481,207,43,1974,22,720,135,29,1085,15,269,90,18,1352,56,183,155,30,2786,35,1076,200,59,760,5,303,43,11,1771,44,264,199,42,"corin.at bmsgpk_loader v0.2","https://www.sozialministerium.at/Informationen-zum-Coronavirus/Neuartiges-Coronavirus-(2019-nCov).html, https://www.sozialministerium.at/Informationen-zum-Coronavirus/Dashboard/Zahlen-zur-Hospitalisierung",07.04.2020 08:42:40
07.04.2020 15:00:00,12519,243,4046,1100,243,115235,234,3,60,13,4,341,4,132,35,12,2071,39,567,217,48,1991,23,819,125,31,1094,16,294,95,16,1372,60,262,166,29,2835,40,1237,215,59,768,5,403,43,11,1813,53,272,191,33,"corin.at bmsgpk_loader v0.2","https://www.sozialministerium.at/Informationen-zum-Coronavirus/Neuartiges-Coronavirus-(2019-nCov).html, https://www.sozialministerium.at/Informationen-zum-Coronavirus/Dashboard/Zahlen-zur-Hospitalisierung",07.04.2020 16:39:15
08.04.2020 08:00:00,12675,273,4512,1096,267,120755,242,3,71,12,2,341,5,148,33,12,2103,42,646,208,55,2008,28,858,152,33,1120,20,361,90,21,1396,66,303,176,33,2857,46,1370,197,65,784,5,463,40,11,1824,58,292,188,35,"corin.at bmsgpk_loader v0.3","https://www.sozialministerium.at/Informationen-zum-Coronavirus/Neuartiges-Coronavirus-(2019-nCov).html https://www.sozialministerium.at/Informationen-zum-Coronavirus/Dashboard/Zahlen-zur-Hospitalisierung",08.04.2020 11:38:27
08.04.2020 08:00:00,12675,273,4512,1096,267,120755,242,3,71,12,2,341,5,148,33,12,2103,42,646,208,55,2008,28,858,152,33,1120,20,361,90,21,1396,66,303,176,33,2857,46,1370,197,65,784,5,463,40,11,1824,58,292,188,35,"corin.at bmsgpk_loader v0.3","https://www.sozialministerium.at/Informationen-zum-Coronavirus/Neuartiges-Coronavirus-(2019-nCov).html https://www.sozialministerium.at/Informationen-zum-Coronavirus/Dashboard/Zahlen-zur-Hospitalisierung",08.04.2020 11:38:27
08.04.2020 15:00:00,12852,273,4512,1096,267,120755,242,3,71,12,2,353,5,148,33,12,2122,42,646,208,55,2037,28,858,152,33,1119,20,361,90,21,1423,66,303,176,33,2903,46,1370,197,65,793,5,463,40,11,1860,58,292,188,35,"corin.at bmsgpk_loader v0.3","https://www.sozialministerium.at/Informationen-zum-Coronavirus/Neuartiges-Coronavirus-(2019-nCov).html https://www.sozialministerium.at/Informationen-zum-Coronavirus/Dashboard/Zahlen-zur-Hospitalisierung",08.04.2020 16:15:59
09.04.2020 08:00:00,12969,273,4512,1096,267,120755,243,3,71,12,2,361,5,148,33,12,2151,42,646,208,55,2048,28,858,152,33,1129,20,361,90,21,1434,66,303,176,33,2931,46,1370,197,65,794,5,463,40,11,1878,58,292,188,35,"corin.at bmsgpk_loader v0.3","https://www.sozialministerium.at/Informationen-zum-Coronavirus/Neuartiges-Coronavirus-(2019-nCov).html https://www.sozialministerium.at/Informationen-zum-Coronavirus/Dashboard/Zahlen-zur-Hospitalisierung",09.04.2020 08:42:19
09.04.2020 08:00:00,12969,295,5240,1086,266,126287,243,3,81,15,4,361,5,173,32,13,2151,47,747,208,54,2048,29,1075,146,29,1129,20,432,94,19,1434,69,367,172,31,2931,53,1552,188,65,794,7,509,40,11,1878,62,304,191,40,"corin.at bmsgpk_loader v0.3","https://www.sozialministerium.at/Informationen-zum-Coronavirus/Neuartiges-Coronavirus-(2019-nCov).html https://www.sozialministerium.at/Informationen-zum-Coronavirus/Dashboard/Zahlen-zur-Hospitalisierung",09.04.2020 13:11:30
09.04.2020 15:00:00,13138,295,5240,1086,266,126287,245,3,81,15,4,365,5,173,32,13,2169,47,747,208,54,2079,29,1075,146,29,1134,20,432,94,19,1458,69,367,172,31,2996,53,1552,188,65,800,7,509,40,11,1892,62,304,191,40,"corin.at bmsgpk_loader v0.3","https://www.sozialministerium.at/Informationen-zum-Coronavirus/Neuartiges-Coronavirus-(2019-nCov).html https://www.sozialministerium.at/Informationen-zum-Coronavirus/Dashboard/Zahlen-zur-Hospitalisierung",09.04.2020 16:26:42
10.04.2020 08:00:00,13271,295,5240,1086,266,126287,246,3,81,15,4,366,5,173,32,13,2192,47,747,208,54,2085,29,1075,146,29,1143,20,432,94,19,1468,69,367,172,31,3045,53,1552,188,65,801,7,509,40,11,1925,62,304,191,40,"corin.at bmsgpk_loader v0.3","https://www.sozialministerium.at/Informationen-zum-Coronavirus/Neuartiges-Coronavirus-(2019-nCov).html https://www.sozialministerium.at/Informationen-zum-Coronavirus/Dashboard/Zahlen-zur-Hospitalisierung",10.04.2020 09:42:56
10.04.2020 08:00:00,13271,319,6064,1032,261,134743,246,4,112,12,4,366,5,193,30,12,2192,54,851,205,53,2085,29,1205,120,28,1143,23,524,93,19,1468,71,437,163,32,3045,59,1687,183,61,801,7,562,38,11,1925,67,493,188,41,"corin.at bmsgpk_loader v0.3","https://www.sozialministerium.at/Informationen-zum-Coronavirus/Neuartiges-Coronavirus-(2019-nCov).html https://www.sozialministerium.at/Informationen-zum-Coronavirus/Dashboard/Zahlen-zur-Hospitalisierung",10.04.2020 11:30:26
10.04.2020 15:00:00,13492,319,6064,1032,261,134743,253,4,112,12,4,373,5,193,30,12,2206,54,851,205,53,2100,29,1205,120,28,1152,23,524,93,19,1484,71,437,163,32,3163,59,1687,183,61,809,7,562,38,11,1952,67,493,188,41,"corin.at bmsgpk_loader v0.3","https://www.sozialministerium.at/Informationen-zum-Coronavirus/Neuartiges-Coronavirus-(2019-nCov).html https://www.sozialministerium.at/Informationen-zum-Coronavirus/Dashboard/Zahlen-zur-Hospitalisierung",10.04.2020 16:35:55
11.04.2020 08:00:00,13561,337,6604,1036,246,140975,255,5,119,14,3,373,5,212,29,10,2213,60,951,236,42,2109,29,1316,116,29,1154,24,630,88,18,1499,73,488,149,33,3176,62,1790,179,63,819,7,582,38,11,1963,72,516,187,37,"corin.at bmsgpk_loader v0.3","https://www.sozialministerium.at/Informationen-zum-Coronavirus/Neuartiges-Coronavirus-(2019-nCov).html https://www.sozialministerium.at/Informationen-zum-Coronavirus/Dashboard/Zahlen-zur-Hospitalisierung",11.04.2020 10:39:56
11.04.2020 15:00:00,13776,337,6604,1036,246,140975,259,5,119,14,3,382,5,212,29,10,2274,60,951,236,42,2115,29,1316,116,29,1154,24,630,88,18,1515,73,488,149,33,3257,62,1790,179,63,825,7,582,38,11,1995,72,516,187,37,"corin.at bmsgpk_loader v0.3","https://www.sozialministerium.at/Informationen-zum-Coronavirus/Neuartiges-Coronavirus-(2019-nCov).html https://www.sozialministerium.at/Informationen-zum-Coronavirus/Dashboard/Zahlen-zur-Hospitalisierung",11.04.2020 17:47:07
12.04.2020 09:30:00,13945,350,6987,1036,246,140975,260,6,120,14,3,382,5,219,29,10,2284,62,1010,236,42,2118,30,1381,116,29,1181,24,704,88,18,1524,76,512,149,33,3324,66,1901,179,63,843,7,607,38,11,2029,74,533,187,37,"corin.at bmsgpk_loader v0.3","https://www.sozialministerium.at/Informationen-zum-Coronavirus/Neuartiges-Coronavirus-(2019-nCov).html https://www.sozialministerium.at/Informationen-zum-Coronavirus/Dashboard/Zahlen-zur-Hospitalisierung",12.04.2020 11:13:35
12.04.2020 09:30:00,13945,350,6987,1035,243,144877,260,6,120,17,3,382,5,219,27,10,2284,62,1010,231,42,2118,30,1381,115,29,1181,24,704,89,21,1524,76,512,154,32,3324,66,1901,174,61,843,7,607,37,10,2029,74,533,191,35,"corin.at bmsgpk_loader v0.3","https://www.sozialministerium.at/Informationen-zum-Coronavirus/Neuartiges-Coronavirus-(2019-nCov).html https://www.sozialministerium.at/Informationen-zum-Coronavirus/Dashboard/Zahlen-zur-Hospitalisierung",12.04.2020 17:41:34
12.04.2020 15:00:00,13894,350,6987,1035,243,144877,260,6,120,17,3,384,5,219,27,10,2325,62,1010,231,42,2120,30,1381,115,29,1159,24,704,89,21,1538,76,512,154,32,3278,66,1901,174,61,830,7,607,37,10,2000,74,533,191,35,"corin.at bmsgpk_loader v0.3","https://www.sozialministerium.at/Informationen-zum-Coronavirus/Neuartiges-Coronavirus-(2019-nCov).html https://www.sozialministerium.at/Informationen-zum-Coronavirus/Dashboard/Zahlen-zur-Hospitalisierung",13.04.2020 07:20:25
13.04.2020 08:00:00,13942,368,7343,981,239,148412,266,6,134,12,3,385,8,227,27,10,2324,66,1088,234,42,2122,32,1483,116,32,1169,26,735,91,20,1553,80,517,146,31,3281,68,1989,160,57,831,7,619,32,10,2011,75,551,163,34,"corin.at bmsgpk_loader v0.3","https://www.sozialministerium.at/Informationen-zum-Coronavirus/Neuartiges-Coronavirus-(2019-nCov).html https://www.sozialministerium.at/Informationen-zum-Coronavirus/Dashboard/Zahlen-zur-Hospitalisierung",13.04.2020 11:06:23
13.04.2020 15:00:00,13999,368,7343,981,239,148412,268,6,134,12,3,386,8,227,27,10,2343,66,1088,234,42,2127,32,1483,116,32,1169,26,735,91,20,1560,80,517,146,31,3299,68,1989,160,57,832,7,619,32,10,2015,75,551,163,34,"corin.at bmsgpk_loader v0.3","https://www.sozialministerium.at/Informationen-zum-Coronavirus/Neuartiges-Coronavirus-(2019-nCov).html https://www.sozialministerium.at/Informationen-zum-Coronavirus/Dashboard/Zahlen-zur-Hospitalisierung",13.04.2020 16:30:02
14.04.2020 08:00:00,14060,384,7633,1002,243,151796,270,6,135,15,4,386,9,241,24,8,2354,67,1167,236,43,2134,32,1524,116,30,1174,26,762,101,20,1578,87,534,141,28,3302,72,2073,160,56,832,7,637,33,10,2030,78,560,176,44,"corin.at bmsgpk_loader v0.3","https://www.sozialministerium.at/Informationen-zum-Coronavirus/Neuartiges-Coronavirus-(2019-nCov).html https://www.sozialministerium.at/Informationen-zum-Coronavirus/Dashboard/Zahlen-zur-Hospitalisierung",14.04.2020 10:54:38
14.04.2020 15:00:00,14159,384,7633,1002,243,151796,271,6,135,15,4,386,9,241,24,8,2387,67,1167,236,43,2140,32,1524,116,30,1174,26,762,101,20,1588,87,534,141,28,3328,72,2073,160,56,832,7,637,33,10,2053,78,560,176,44,"corin.at bmsgpk_loader v0.3","https://www.sozialministerium.at/Informationen-zum-Coronavirus/Neuartiges-Coronavirus-(2019-nCov).html https://www.sozialministerium.at/Informationen-zum-Coronavirus/Dashboard/Zahlen-zur-Hospitalisierung",14.04.2020 16:08:45
15.04.2020 08:00:00,14246,384,7633,1002,243,151796,274,6,135,15,4,388,9,241,24,8,2398,67,1167,236,43,2150,32,1524,116,30,1176,26,762,101,20,1593,87,534,141,28,3337,72,2073,160,56,846,7,637,33,10,2084,78,560,176,44,"corin.at bmsgpk_loader v0.3","https://www.sozialministerium.at/Informationen-zum-Coronavirus/Neuartiges-Coronavirus-(2019-nCov).html https://www.sozialministerium.at/Informationen-zum-Coronavirus/Dashboard/Zahlen-zur-Hospitalisierung",15.04.2020 08:42:35
15.04.2020 15:00:00,14321,393,8098,1001,232,156801,278,6,148,20,4,388,8,255,25,10,2415,71,1315,235,42,2162,32,1633,117,30,1178,26,778,97,19,1600,90,617,142,24,3352,72,2134,164,55,847,7,646,33,10,2101,81,572,168,38,"corin.at bmsgpk_loader v0.4m","https://www.sozialministerium.at/Informationen-zum-Coronavirus/Neuartiges-Coronavirus-(2019-nCov).html",15.04.2020 16:48:35
16.04.2020 08:00:00,14370,410,8986,967,238,162816,280,6,165,17,4,388,8,269,23,10,2427,73,1415,236,46,2171,34,1714,109,31,1182,27,790,88,15,1604,93,661,141,21,3362,80,2244,144,54,851,7,654,29,11,2105,82,1074,180,46,"corin.at bmsgpk_loader v0.4m","https://www.sozialministerium.at/Informationen-zum-Coronavirus/Neuartiges-Coronavirus-(2019-nCov).html",16.04.2020 15:15:00
16.04.2020 15:00:00,14451,410,8986,967,238,162816,286,6,165,17,4,389,8,269,23,10,2436,73,1415,236,46,2174,34,1714,109,31,1186,27,790,88,15,1617,93,661,141,21,3392,80,2244,144,54,852,7,654,29,11,2119,82,1074,180,46,"corin.at bmsgpk_loader v0.4","https://www.sozialministerium.at/Informationen-zum-Coronavirus/Neuartiges-Coronavirus-(2019-nCov).html",16.04.2020 16:14:28
17.04.2020 08:00:00,14484,431,9704,909,227,169272,286,7,167,18,5,384,8,274,18,8,2446,77,1498,219,40,2175,37,1753,101,30,1189,28,875,96,19,1624,97,717,134,22,3394,83,2374,135,54,853,8,665,23,10,2133,86,1381,165,39,"corin.at bmsgpk_loader v0.4","https://www.sozialministerium.at/Informationen-zum-Coronavirus/Neuartiges-Coronavirus-(2019-nCov).html",17.04.2020 11:24:33
17.04.2020 15:00:00,14553,431,9704,909,227,169272,289,7,167,18,5,394,8,274,18,8,2461,77,1498,219,40,2183,37,1753,101,30,1190,28,875,96,19,1631,97,717,134,22,3406,83,2374,135,54,854,8,665,23,10,2145,86,1381,165,39,"corin.at bmsgpk_loader v0.4","https://www.sozialministerium.at/Informationen-zum-Coronavirus/Neuartiges-Coronavirus-(2019-nCov).html",18.04.2020 08:08:47
18.04.2020 08:00:00,14595,443,10214,855,208,175932,295,7,181,17,5,395,9,295,16,9,2461,80,1560,207,41,2194,37,1822,97,25,1191,29,875,91,17,1638,99,775,118,20,3407,85,2486,125,51,855,9,668,23,8,2159,88,1552,161,32,"corin.at bmsgpk_loader v0.4","https://www.sozialministerium.at/Informationen-zum-Coronavirus/Neuartiges-Coronavirus-(2019-nCov).html",18.04.2020 10:42:48
18.04.2020 15:00:00,14637,443,10214,855,208,175932,298,7,181,17,5,394,9,295,16,9,2469,80,1560,207,41,2199,37,1822,97,25,1191,29,875,91,17,1646,99,775,118,20,3415,85,2486,125,51,855,9,668,23,8,2170,88,1552,161,32,"corin.at bmsgpk_loader v0.4","https://mc1.rbk5.com/covid19/sozialministerium-datenseite/covid19-daten-20200418-2017.html",19.04.2020 09:42:05
19.04.2020 08:00:00,14662,443,10214,855,208,175932,299,7,181,17,5,394,9,295,16,9,2470,80,1560,207,41,2199,37,1822,97,25,1195,29,875,91,17,1646,99,775,118,20,3418,85,2486,125,51,857,9,668,23,8,2184,88,1552,161,32,"corin.at bmsgpk_loader v0.4","https://www.sozialministerium.at/Informationen-zum-Coronavirus/Neuartiges-Coronavirus-(2019-nCov).html",19.04.2020 09:45:04
19.04.2020 15:00:00,14696,452,10501,817,204,179243,302,8,198,16,5,394,10,302,15,9,2476,82,1560,196,40,2200,38,1847,95,29,1199,29,929,88,16,1652,101,809,117,18,3417,85,2526,112,49,858,9,715,19,7,2198,90,1615,159,31,"corin.at bmsgpk_loader v0.4","https://www.sozialministerium.at/Informationen-zum-Coronavirus/Neuartiges-Coronavirus-(2019-nCov).html",19.04.2020 17:10:13
20.04.2020 08:00:00,14713,452,10501,817,204,179243,302,8,198,16,5,394,10,302,15,9,2479,82,1560,196,40,2203,38,1847,95,29,1200,29,929,88,16,1653,101,809,117,18,3425,85,2526,112,49,858,9,715,19,7,2199,90,1615,159,31,"corin.at bmsgpk_loader v0.4","https://www.sozialministerium.at/Informationen-zum-Coronavirus/Neuartiges-Coronavirus-(2019-nCov).html",20.04.2020 09:17:36
20.04.2020 08:00:00,14713,470,10631,805,194,182949,302,8,200,16,4,394,10,307,15,9,2479,83,1572,193,37,2203,41,1884,90,27,1200,30,930,92,17,1653,106,816,108,17,3425,86,2556,114,44,858,10,731,18,7,2199,96,1635,159,32,"corin.at bmsgpk_loader v0.4","https://www.sozialministerium.at/Informationen-zum-Coronavirus/Neuartiges-Coronavirus-(2019-nCov).html",20.04.2020 11:37:04
20.04.2020 15:00:00,14755,470,10631,805,194,182949,307,8,200,16,4,394,10,307,15,9,2495,83,1572,193,37,2205,41,1884,90,27,1201,30,930,92,17,1663,106,816,108,17,3427,86,2556,114,44,859,10,731,18,7,2204,96,1635,159,32,"corin.at bmsgpk_loader v0.4","https://www.sozialministerium.at/Informationen-zum-Coronavirus/Neuartiges-Coronavirus-(2019-nCov).html",20.04.2020 15:58:09
21.04.2020 08:00:00,14790,491,10971,756,196,189018,309,8,210,17,4,397,12,316,17,9,2501,85,1623,151,42,2211,44,1912,90,30,1201,30,949,94,15,1664,109,874,103,17,3431,91,2698,111,44,861,13,733,17,6,2215,99,1656,156,29,"corin.at bmsgpk_loader v0.4","https://www.sozialministerium.at/Informationen-zum-Coronavirus/Neuartiges-Coronavirus-(2019-nCov).html",21.04.2020 10:53:43
21.04.2020 15:00:00,14810,491,10971,756,196,189018,310,8,210,17,4,402,12,316,17,9,2500,85,1623,151,42,2211,44,1912,90,30,1206,30,949,94,15,1665,109,874,103,17,3433,91,2698,111,44,863,13,733,17,6,2220,99,1656,156,29,"corin.at bmsgpk_loader v0.4","https://www.sozialministerium.at/Informationen-zum-Coronavirus/Neuartiges-Coronavirus-(2019-nCov).html",22.04.2020 06:04:33
22.04.2020 15:00:00,14889,510,11328,700,176,201794,311,9,227,12,2,402,12,331,14,7,2519,87,1685,141,43,2218,47,1944,79,20,1205,33,951,105,13,1679,110,904,95,14,3440,95,2869,96,40,868,13,740,18,7,2247,104,1677,140,30,"corin.at bmsgpk_loader v0.4","https://www.sozialministerium.at/Informationen-zum-Coronavirus/Neuartiges-Coronavirus-(2019-nCov).html",22.04.2020 16:00:29
23.04.2020 08:00:00,14932,522,11694,677,169,205835,313,9,226,17,4,402,12,346,14,7,2529,88,1841,131,43,2219,48,1972,78,18,1204,33,1008,92,14,1686,115,952,99,16,3441,98,2905,91,38,868,14,745,16,6,2270,105,1699,139,23,"corin.at bmsgpk_loader v0.4","https://www.sozialministerium.at/Informationen-zum-Coronavirus/Neuartiges-Coronavirus-(2019-nCov).html",23.04.2020 11:37:01
23.04.2020 15:00:00,14963,522,11694,677,169,205835,314,9,226,17,4,402,12,346,14,7,2531,88,1841,131,43,2222,48,1972,78,18,1206,33,1008,92,14,1693,115,952,99,16,3445,98,2905,91,38,869,14,745,16,6,2281,105,1699,139,23,"corin.at bmsgpk_loader v0.4","https://www.sozialministerium.at/Informationen-zum-Coronavirus/Neuartiges-Coronavirus-(2019-nCov).html",23.04.2020 16:43:17
24.04.2020 08:00:00,14987,530,11872,651,156,212686,314,8,230,14,2,402,12,356,14,7,2533,89,1890,127,40,2230,48,2007,78,15,1206,33,1008,90,12,1697,119,973,88,13,3446,101,2943,81,36,869,14,749,14,6,2290,106,1716,145,25,"corin.at bmsgpk_loader v0.4","https://www.sozialministerium.at/Informationen-zum-Coronavirus/Neuartiges-Coronavirus-(2019-nCov).html",24.04.2020 10:53:57
24.04.2020 15:00:00,15038,530,11872,651,156,212686,315,8,230,14,2,402,12,356,14,7,2546,89,1890,127,40,2232,48,2007,78,15,1207,33,1008,90,12,1700,119,973,88,13,3457,101,2943,81,36,868,14,749,14,6,2311,106,1716,145,25,"corin.at bmsgpk_loader v0.4","https://www.sozialministerium.at/Informationen-zum-Coronavirus/Neuartiges-Coronavirus-(2019-nCov).html",24.04.2020 18:59:36
25.04.2020 08:00:00,15069,536,12103,608,148,221089,315,8,235,12,2,402,12,360,13,7,2547,90,1950,114,37,2238,51,2021,71,15,1208,33,1041,83,12,1705,120,1011,77,12,3463,101,2982,77,34,868,14,755,12,6,2323,107,1748,149,23,"corin.at bmsgpk_loader v0.4","https://www.sozialministerium.at/Informationen-zum-Coronavirus/Neuartiges-Coronavirus-(2019-nCov).html",25.04.2020 11:10:22
25.04.2020 15:00:00,15117,536,12103,608,148,221089,316,8,235,12,2,404,12,360,13,7,2553,90,1950,114,37,2239,51,2021,71,15,1210,33,1041,83,12,1722,120,1011,77,12,3469,101,2982,77,34,868,14,755,12,6,2336,107,1748,149,23,"corin.at bmsgpk_loader v0.4","https://www.sozialministerium.at/Informationen-zum-Coronavirus/Neuartiges-Coronavirus-(2019-nCov).html",26.04.2020 08:02:07
26.04.2020 08:00:00,15134,536,12103,608,148,221089,316,8,235,12,2,404,12,360,13,7,2554,90,1950,114,37,2240,51,2021,71,15,1210,33,1041,83,12,1722,120,1011,77,12,3473,101,2982,77,34,868,14,755,12,6,2347,107,1748,149,23,"corin.at bmsgpk_loader v0.4","https://www.sozialministerium.at/Informationen-zum-Coronavirus/Neuartiges-Coronavirus-(2019-nCov).html",26.04.2020 09:01:15
26.04.2020 08:00:00,15134,542,12282,594,145,227631,316,9,234,11,2,404,12,364,12,6,2554,90,2026,120,39,2240,52,2022,67,14,1210,33,1057,79,11,1722,121,1059,76,12,3473,101,2997,75,32,868,14,757,12,6,2347,110,1766,142,23,"corin.at bmsgpk_loader v0.4","https://www.sozialministerium.at/Informationen-zum-Coronavirus/Neuartiges-Coronavirus-(2019-nCov).html",26.04.2020 14:33:56
26.04.2020 15:00:00,15175,542,12282,594,145,227631,317,9,234,11,2,404,12,364,12,6,2562,90,2026,120,39,2243,52,2022,67,14,1212,33,1057,79,11,1733,121,1059,76,12,3479,101,2997,75,32,868,14,757,12,6,2357,110,1766,142,23,"corin.at bmsgpk_loader v0.4","https://www.sozialministerium.at/Informationen-zum-Coronavirus/Neuartiges-Coronavirus-(2019-nCov).html",26.04.2020 18:25:44
27.04.2020 08:00:00,15190,549,12362,579,140,232537,317,9,236,13,2,406,12,368,12,6,2562,92,2042,113,37,2246,53,2022,66,11,1214,33,1071,74,11,1736,121,1068,75,12,3482,101,3024,74,33,868,15,759,11,5,2359,113,1772,141,23,"corin.at bmsgpk_loader v0.4","https://www.sozialministerium.at/Informationen-zum-Coronavirus/Neuartiges-Coronavirus-(2019-nCov).html",27.04.2020 11:23:33
28.04.2020 08:00:00,15256,549,12362,579,140,232537,321,9,236,13,2,407,12,368,12,6,2574,92,2042,113,37,2250,53,2022,66,11,1214,33,1071,74,11,1747,121,1068,75,12,3487,101,3024,74,33,868,15,759,11,5,2388,113,1772,141,23,"corin.at bmsgpk_loader v0.4","https://www.sozialministerium.at/Informationen-zum-Coronavirus/Neuartiges-Coronavirus-(2019-nCov).html",28.04.2020 09:04:52
27.04.2020 15:00:00,15239,549,12362,579,140,232537,320,9,236,13,2,407,12,368,12,6,2573,92,2042,113,37,2248,53,2022,66,11,1214,33,1071,74,11,1745,121,1068,75,12,3484,101,3024,74,33,868,15,759,11,5,2380,113,1772,141,23,"corin.at bmsgpk_loader v0.4","https://mc1.rbk5.com/covid19/sozialministerium-datenseite/covid19-daten-20200428-0747.html",28.04.2020 09:07:36
28.04.2020 08:00:00,15256,569,12580,561,136,239578,321,10,242,11,3,407,12,372,11,6,2574,92,2101,110,35,2250,53,2040,60,14,1214,34,1078,75,10,1747,123,1117,74,10,3487,103,3070,72,32,868,15,779,11,5,2388,127,1781,137,21,"corin.at bmsgpk_loader v0.4","https://www.sozialministerium.at/Informationen-zum-Coronavirus/Neuartiges-Coronavirus-(2019-nCov).html",28.04.2020 10:17:40
28.04.2020 15:00:00,15286,569,12580,561,136,239578,321,10,242,11,3,410,12,372,11,6,2577,92,2101,110,35,2251,53,2040,60,14,1214,34,1078,75,10,1751,123,1117,74,10,3494,103,3070,72,32,869,15,779,11,5,2399,127,1781,137,21,"corin.at bmsgpk_loader v0.4","https://www.sozialministerium.at/Informationen-zum-Coronavirus/Neuartiges-Coronavirus-(2019-nCov).html",28.04.2020 20:59:25
29.04.2020 08:00:00,15323,580,12779,517,131,247754,321,10,246,8,2,410,12,378,10,5,2583,92,2141,104,36,2251,55,2051,51,12,1215,35,1081,73,10,1755,126,1155,69,12,3496,105,3151,62,28,869,15,786,9,5,2423,130,1790,131,21,"corin.at bmsgpk_loader v0.4","https://www.sozialministerium.at/Informationen-zum-Coronavirus/Neuartiges-Coronavirus-(2019-nCov).html",29.04.2020 11:36:30
29.04.2020 15:00:00,15352,580,12779,517,131,247754,322,10,246,8,2,410,12,378,10,5,2591,92,2141,104,36,2252,55,2051,51,12,1215,35,1081,73,10,1757,126,1155,69,12,3496,105,3151,62,28,870,15,786,9,5,2439,130,1790,131,21,"corin.at bmsgpk_loader v0.4","https://www.sozialministerium.at/Informationen-zum-Coronavirus/Neuartiges-Coronavirus-(2019-nCov).html",29.04.2020 20:46:38
30.04.2020 08:00:00,15369,584,12907,502,128,256399,323,10,250,9,2,410,12,379,8,5,2597,92,2164,104,36,2253,55,2074,45,12,1215,35,1090,73,9,1758,129,1187,67,10,3501,105,3160,60,28,870,16,795,7,5,2442,130,1808,129,21,"corin.at bmsgpk_loader v0.4","https://www.sozialministerium.at/Informationen-zum-Coronavirus/Neuartiges-Coronavirus-(2019-nCov).html",30.04.2020 13:00:36
30.04.2020 15:00:00,15424,584,12907,502,128,256399,325,10,250,9,2,410,12,379,8,5,2619,92,2164,104,36,2254,55,2074,45,12,1217,35,1090,73,9,1761,129,1187,67,10,3502,105,3160,60,28,871,16,795,7,5,2465,130,1808,129,21,"corin.at bmsgpk_loader v0.4","https://mc1.rbk5.com/covid19/sozialministerium-datenseite/covid19-daten-20200501-0747.html",01.05.2020 09:30:16
01.05.2020 08:00:00,15458,584,12907,502,128,256399,325,10,250,9,2,410,12,379,8,5,2623,92,2164,104,36,2255,55,2074,45,12,1217,35,1090,73,9,1761,129,1187,67,10,3504,105,3160,60,28,871,16,795,7,5,2492,130,1808,129,21,"corin.at bmsgpk_loader v0.4","https://www.sozialministerium.at/Informationen-zum-Coronavirus/Neuartiges-Coronavirus-(2019-nCov).html",01.05.2020 09:31:56
01.05.2020 08:00:00,15458,589,13110,472,124,264079,325,10,255,8,2,410,12,381,8,5,2623,92,2221,99,37,2255,56,2088,44,10,1217,36,1120,69,7,1761,130,1220,61,10,3504,105,3197,52,27,871,17,811,7,4,2492,131,1817,124,22,"corin.at bmsgpk_loader v0.4","https://www.sozialministerium.at/Informationen-zum-Coronavirus/Neuartiges-Coronavirus-(2019-nCov).html",01.05.2020 11:49:07
01.05.2020 15:00:00,15470,589,13092,472,124,264079,326,10,255,8,2,410,12,381,8,5,2625,92,2221,99,37,2255,56,2088,44,10,1217,36,1102,69,7,1764,130,1220,61,10,3504,105,3197,52,27,872,17,811,7,4,2497,131,1817,124,22,"corin.at bmsgpk_loader v0.4","https://www.sozialministerium.at/Informationen-zum-Coronavirus/Neuartiges-Coronavirus-(2019-nCov).html",01.05.2020 17:03:30
02.05.2020 08:00:00,15479,589,13092,472,124,264079,326,10,255,8,2,410,12,381,8,5,2626,92,2221,99,37,2256,56,2088,44,10,1217,36,1102,69,7,1764,130,1220,61,10,3504,105,3197,52,27,872,17,811,7,4,2504,131,1817,124,22,"corin.at bmsgpk_loader v0.4","https://www.sozialministerium.at/Informationen-zum-Coronavirus/Neuartiges-Coronavirus-(2019-nCov).html",02.05.2020 10:03:25
02.05.2020 15:00:00,15508,596,13180,428,114,269619,327,10,256,8,2,410,12,381,7,4,2630,92,2238,90,35,2256,56,2102,42,8,1218,36,1115,52,7,1765,133,1235,52,9,3504,105,3207,48,24,872,17,819,7,4,2526,135,1827,122,21,"corin.at bmsgpk_loader v0.4","https://mc1.rbk5.com/covid19/sozialministerium-datenseite/covid19-daten-20200502-1817.html",03.05.2020 10:20:13
03.05.2020 08:00:00,15514,596,13180,428,114,269619,327,10,256,8,2,410,12,381,7,4,2630,92,2238,90,35,2256,56,2102,42,8,1219,36,1115,52,7,1766,133,1235,52,9,3504,105,3207,48,24,873,17,819,7,4,2529,135,1827,122,21,"corin.at bmsgpk_loader v0.4","https://www.sozialministerium.at/Informationen-zum-Coronavirus/Neuartiges-Coronavirus-(2019-nCov).html",03.05.2020 10:24:22
03.05.2020 15:00:00,15527,598,13228,422,114,274355,327,10,258,4,1,410,13,382,6,3,2633,92,2255,85,34,2257,57,2106,48,9,1219,36,1115,51,7,1766,133,1246,47,9,3504,105,3215,50,25,873,17,824,7,4,2538,135,1827,124,22,"corin.at bmsgpk_loader v0.4","https://www.sozialministerium.at/Informationen-zum-Coronavirus/Neuartiges-Coronavirus-(2019-nCov).html",03.05.2020 19:18:05
04.05.2020 08:00:00,15538,600,13316,420,111,279071,327,11,261,3,1,410,13,382,6,3,2633,93,2270,86,35,2258,56,2110,40,8,1219,36,1116,60,7,1768,133,1252,43,9,3509,105,3217,49,25,874,17,824,7,4,2540,136,1884,126,19,"corin.at bmsgpk_loader v0.4","https://www.sozialministerium.at/Informationen-zum-Coronavirus/Neuartiges-Coronavirus-(2019-nCov).html",04.05.2020 11:26:50
04.05.2020 15:00:00,15551,600,13316,420,111,279071,328,11,261,3,1,410,13,382,6,3,2638,93,2270,86,35,2258,56,2110,40,8,1219,36,1116,60,7,1774,133,1252,43,9,3509,105,3217,49,25,874,17,824,7,4,2541,136,1884,126,19,"corin.at bmsgpk_loader v0.4","https://www.sozialministerium.at/Informationen-zum-Coronavirus/Neuartiges-Coronavirus-(2019-nCov).html",04.05.2020 16:44:39
05.05.2020 08:00:00,15569,600,13316,420,111,279071,329,11,261,3,1,410,13,382,6,3,2642,93,2270,86,35,2259,56,2110,40,8,1217,36,1116,60,7,1774,133,1252,43,9,3510,105,3217,49,25,874,17,824,7,4,2554,136,1884,126,19,"corin.at bmsgpk_loader v0.4","https://www.sozialministerium.at/Informationen-zum-Coronavirus/Neuartiges-Coronavirus-(2019-nCov).html",05.05.2020 09:30:54
05.05.2020 15:00:00,15579,606,13462,418,104,285883,329,11,261,6,1,411,13,383,5,2,2650,95,2310,86,33,2258,57,2115,40,7,1214,36,1119,53,7,1777,134,1300,41,9,3509,105,3244,43,21,874,18,828,8,4,2557,137,1902,136,20,"corin.at bmsgpk_loader v0.4","https://www.sozialministerium.at/Informationen-zum-Coronavirus/Neuartiges-Coronavirus-(2019-nCov).html",05.05.2020 17:38:15
06.05.2020 08:00:00,15589,606,13462,418,104,285883,329,11,261,6,1,411,13,383,5,2,2653,95,2310,86,33,2259,57,2115,40,7,1214,36,1119,53,7,1778,134,1300,41,9,3510,105,3244,43,21,875,18,828,8,4,2560,137,1902,136,20,"corin.at bmsgpk_loader v0.4","https://www.sozialministerium.at/Informationen-zum-Coronavirus/Neuartiges-Coronavirus-(2019-nCov).html",06.05.2020 09:38:47
06.05.2020 08:00:00,15589,608,13639,418,97,292254,329,11,264,5,1,411,13,385,5,3,2653,95,2369,84,29,2259,57,2131,36,6,1214,36,1132,59,7,1778,134,1333,40,8,3510,106,3271,37,19,875,19,826,7,4,2560,137,1928,145,20,"corin.at bmsgpk_loader v0.4","https://www.sozialministerium.at/Informationen-zum-Coronavirus/Neuartiges-Coronavirus-(2019-nCov).html",06.05.2020 14:40:02
06.05.2020 15:00:00,15633,608,13639,418,97,292254,330,11,264,5,1,411,13,385,5,3,2661,95,2369,84,29,2259,57,2131,36,6,1214,36,1132,59,7,1784,134,1333,40,8,3512,106,3271,37,19,875,19,826,7,4,2587,137,1928,145,20,"corin.at bmsgpk_loader v0.4","https://www.sozialministerium.at/Informationen-zum-Coronavirus/Neuartiges-Coronavirus-(2019-nCov).html",07.05.2020 08:00:34
07.05.2020 08:00:00,15652,608,13639,418,97,292254,330,11,264,5,1,411,13,385,5,3,2663,95,2369,84,29,2263,57,2131,36,6,1213,36,1132,59,7,1785,134,1333,40,8,3513,106,3271,37,19,875,19,826,7,4,2599,137,1928,145,20,"corin.at bmsgpk_loader v0.4","https://www.sozialministerium.at/Informationen-zum-Coronavirus/Neuartiges-Coronavirus-(2019-nCov).html",07.05.2020 08:52:55
07.05.2020 15:00:00,15665,609,13698,360,92,297894,330,11,269,4,1,411,13,385,5,3,2666,95,2370,76,28,2263,57,2139,32,7,1213,36,1140,58,7,1787,134,1350,38,7,3515,106,3275,30,17,875,19,833,6,3,2605,138,1937,111,19,"corin.at bmsgpk_loader v0.4","https://www.sozialministerium.at/Informationen-zum-Coronavirus/Neuartiges-Coronavirus-(2019-nCov).html",08.05.2020 08:10:02
08.05.2020 08:00:00,15675,609,13698,360,92,297894,330,11,269,4,1,411,13,385,5,3,2669,95,2370,76,28,2264,57,2139,32,7,1213,36,1140,58,7,1788,134,1350,38,7,3516,106,3275,30,17,875,19,833,6,3,2609,138,1937,111,19,"corin.at bmsgpk_loader v0.4","https://www.sozialministerium.at/Informationen-zum-Coronavirus/Neuartiges-Coronavirus-(2019-nCov).html",08.05.2020 09:47:25
08.05.2020 08:00:00,15675,614,13836,339,81,304069,330,11,272,6,0,411,13,386,3,2,2669,95,2394,73,28,2264,57,2151,28,4,1213,36,1142,50,7,1788,135,1380,38,6,3516,107,3284,29,14,875,19,835,3,2,2609,141,1992,109,18,"corin.at bmsgpk_loader v0.4","https://www.sozialministerium.at/Informationen-zum-Coronavirus/Neuartiges-Coronavirus-(2019-nCov).html",08.05.2020 11:00:41
08.05.2020 15:00:00,15714,614,13836,339,81,304069,330,11,272,6,0,411,13,386,3,2,2682,95,2394,73,28,2265,57,2151,28,4,1212,36,1142,50,7,1792,135,1380,38,6,3517,107,3284,29,14,874,19,835,3,2,2631,141,1992,109,18,"corin.at bmsgpk_loader v0.4","https://www.sozialministerium.at/Informationen-zum-Coronavirus/Neuartiges-Coronavirus-(2019-nCov).html",08.05.2020 16:37:16
09.05.2020 08:00:00,15735,615,13928,309,79,311690,330,11,279,6,0,411,13,387,3,2,2682,95,2405,72,25,2266,58,2160,20,5,1212,36,1155,25,3,1794,135,1395,32,6,3517,107,3310,39,18,876,19,838,2,1,2647,141,1999,110,19,"corin.at bmsgpk_loader v0.4","https://www.sozialministerium.at/Informationen-zum-Coronavirus/Neuartiges-Coronavirus-(2019-nCov).html",09.05.2020 10:45:17
09.05.2020 15:00:00,15756,615,13928,309,79,311690,331,11,279,6,0,411,13,387,3,2,2684,95,2405,72,25,2267,58,2160,20,5,1212,36,1155,25,3,1796,135,1395,32,6,3518,107,3310,39,18,876,19,838,2,1,2661,141,1999,110,19,"corin.at bmsgpk_loader v0.4","https://www.sozialministerium.at/Informationen-zum-Coronavirus/Neuartiges-Coronavirus-(2019-nCov).html",09.05.2020 19:23:51
10.05.2020 08:00:00,15777,618,13991,291,72,316508,331,11,282,6,0,411,13,388,2,0,2685,95,2414,68,24,2268,58,2163,19,6,1212,36,1162,28,2,1810,136,1412,26,5,3518,107,3317,33,15,876,19,839,2,1,2666,143,2014,107,19,"corin.at bmsgpk_loader v0.4","https://www.sozialministerium.at/Informationen-zum-Coronavirus/Neuartiges-Coronavirus-(2019-nCov).html",10.05.2020 11:06:01
10.05.2020 15:00:00,15786,618,13991,291,72,316508,330,11,282,6,0,411,13,388,2,0,2687,95,2414,68,24,2270,58,2163,19,6,1212,36,1162,28,2,1810,136,1412,26,5,3518,107,3317,33,15,876,19,839,2,1,2672,143,2014,107,19,"corin.at bmsgpk_loader v0.4","https://www.sozialministerium.at/Informationen-zum-Coronavirus/Neuartiges-Coronavirus-(2019-nCov).html",11.05.2020 08:00:06
11.05.2020 08:00:00,15792,618,13991,291,72,316508,330,11,282,6,0,411,13,388,2,0,2691,95,2414,68,24,2269,58,2163,19,6,1212,36,1162,28,2,1810,136,1412,26,5,3518,107,3317,33,15,877,19,839,2,1,2674,143,2014,107,19,"corin.at bmsgpk_loader v0.4","https://www.sozialministerium.at/Informationen-zum-Coronavirus/Neuartiges-Coronavirus-(2019-nCov).html",11.05.2020 09:48:32
11.05.2020 15:00:00,15845,620,14061,279,68,319484,331,11,283,3,0,411,13,389,1,0,2704,95,2418,69,23,2266,58,2169,19,4,1217,37,1162,30,3,1810,136,1423,24,4,3518,107,3317,29,13,876,19,839,2,1,2712,144,2061,102,20,"corin.at bmsgpk_loader v0.4","https://www.sozialministerium.at/Informationen-zum-Coronavirus/Neuartiges-Coronavirus-(2019-nCov).html",11.05.2020 17:27:49
12.05.2020 15:00:00,15894,623,14148,264,59,329314,332,11,290,0,0,411,13,388,1,0,2709,95,2433,67,21,2269,58,2170,20,3,1215,37,1165,29,2,1813,139,1449,22,4,3518,107,3329,26,12,879,19,843,2,1,2748,144,2081,97,16,"corin.at bmsgpk_loader v0.4","https://www.sozialministerium.at/Informationen-zum-Coronavirus/Neuartiges-Coronavirus-(2019-nCov).html",12.05.2020 17:30:52
13.05.2020 08:00:00,15921,624,14304,243,55,336252,331,11,297,4,0,411,13,388,2,0,2717,95,2467,65,21,2268,59,2177,20,2,1216,37,1171,15,2,1814,139,1482,19,5,3518,107,3349,22,9,882,19,847,0,0,2764,144,2126,96,16,"corin.at bmsgpk_loader v0.4","https://www.sozialministerium.at/Informationen-zum-Coronavirus/Neuartiges-Coronavirus-(2019-nCov).html",13.05.2020 10:11:51
13.05.2020 15:00:00,15973,624,14304,243,55,336252,335,11,297,4,0,410,13,388,2,0,2720,95,2467,65,21,2268,59,2177,20,2,1217,37,1171,15,2,1814,139,1482,19,5,3520,107,3349,22,9,882,19,847,0,0,2807,144,2126,96,16,"corin.at bmsgpk_loader v0.4","https://www.sozialministerium.at/Informationen-zum-Coronavirus/Neuartiges-Coronavirus-(2019-nCov).html",13.05.2020 16:20:24
14.05.2020 08:00:00,15980,624,14304,243,55,336252,334,11,297,4,0,410,13,388,2,0,2721,95,2467,65,21,2269,59,2177,20,2,1217,37,1171,15,2,1814,139,1482,19,5,3523,107,3349,22,9,882,19,847,0,0,2810,144,2126,96,16,"corin.at bmsgpk_loader v0.4","https://www.sozialministerium.at/Informationen-zum-Coronavirus/Neuartiges-Coronavirus-(2019-nCov).html",14.05.2020 09:15:38
14.05.2020 15:00:00,16014,626,14405,234,54,344606,334,11,300,3,0,411,13,389,2,0,2732,97,2487,62,20,2271,59,2177,14,1,1216,37,1175,15,2,1814,139,1504,21,4,3524,107,3360,21,9,883,19,856,0,0,2829,144,2157,96,18,"corin.at bmsgpk_loader v0.4","https://www.sozialministerium.at/Informationen-zum-Coronavirus/Neuartiges-Coronavirus-(2019-nCov).html",15.05.2020 08:06:45
15.05.2020 08:00:00,16030,628,14471,212,47,351351,334,11,302,4,0,411,13,390,2,0,2739,97,2503,58,18,2270,60,2185,14,1,1217,37,1179,12,2,1815,140,1510,17,4,3526,107,3370,21,8,883,19,856,0,0,2835,144,2176,84,14,"corin.at bmsgpk_loader v0.4","https://www.sozialministerium.at/Informationen-zum-Coronavirus/Neuartiges-Coronavirus-(2019-nCov).html",15.05.2020 12:33:44
15.05.2020 15:00:00,16093,628,14471,212,47,351351,334,11,302,4,0,411,13,390,2,0,2765,97,2503,58,18,2274,60,2185,14,1,1217,37,1179,12,2,1816,140,1510,17,4,3528,107,3370,21,8,883,19,856,0,0,2865,144,2176,84,14,"corin.at bmsgpk_loader v0.4","https://mc1.rbk5.com/covid19/sozialministerium-datenseite/covid19-daten-20200515-1817.html",16.05.2020 10:20:44
16.05.2020 08:00:00,16133,628,14471,212,47,351351,335,11,302,4,0,411,13,390,2,0,2774,97,2503,58,18,2275,60,2185,14,1,1216,37,1179,12,2,1819,140,1510,17,4,3528,107,3370,21,8,884,19,856,0,0,2891,144,2176,84,14,"corin.at bmsgpk_loader v0.4","https://www.sozialministerium.at/Informationen-zum-Coronavirus/Neuartiges-Coronavirus-(2019-nCov).html",16.05.2020 10:22:19
16.05.2020 15:00:00,16146,629,14524,208,50,357393,335,11,308,3,0,411,13,390,1,0,2780,98,2510,53,17,2275,60,2189,17,1,1216,37,1179,11,2,1822,140,1531,16,4,3528,107,3373,20,9,885,19,856,0,0,2894,144,2188,87,17,"corin.at bmsgpk_loader v0.4","https://www.sozialministerium.at/Informationen-zum-Coronavirus/Neuartiges-Coronavirus-(2019-nCov).html",16.05.2020 22:51:55
17.05.2020 08:00:00,16151,629,14563,197,48,362509,336,11,311,4,0,411,13,390,1,0,2782,98,2512,49,15,2275,60,2187,16,4,1216,37,1183,8,1,1822,140,1543,14,4,3528,107,3382,17,7,885,19,856,0,0,2896,144,2199,88,17,"corin.at bmsgpk_loader v0.4","https://www.sozialministerium.at/Informationen-zum-Coronavirus/Neuartiges-Coronavirus-(2019-nCov).html",17.05.2020 12:11:23
17.05.2020 15:00:00,16167,629,14563,197,48,362509,337,11,311,4,0,411,13,390,1,0,2785,98,2512,49,15,2275,60,2187,16,4,1216,37,1183,8,1,1823,140,1543,14,4,3528,107,3382,17,7,887,19,856,0,0,2905,144,2199,88,17,"corin.at bmsgpk_loader v0.4","https://www.sozialministerium.at/Informationen-zum-Coronavirus/Neuartiges-Coronavirus-(2019-nCov).html",18.05.2020 07:20:58
18.05.2020 15:00:00,16201,629,14614,196,45,365873,337,11,312,3,0,411,13,390,1,0,2798,98,2516,49,15,2276,60,2187,12,2,1216,37,1183,10,1,1823,140,1550,14,4,3530,107,3383,18,6,887,19,856,0,0,2923,144,2237,89,17,"corin.at bmsgpk_loader v0.4","https://www.sozialministerium.at/Informationen-zum-Coronavirus/Neuartiges-Coronavirus-(2019-nCov).html",18.05.2020 17:27:32
19.05.2020 08:00:00,16231,629,14614,196,45,365873,338,11,312,3,0,411,13,390,1,0,2798,98,2516,49,15,2282,60,2187,12,2,1218,37,1183,10,1,1825,140,1550,14,4,3530,107,3383,18,6,887,19,856,0,0,2942,144,2237,89,17,"corin.at bmsgpk_loader v0.4","https://www.sozialministerium.at/Informationen-zum-Coronavirus/Neuartiges-Coronavirus-(2019-nCov).html",19.05.2020 10:19:56
19.05.2020 08:00:00,16231,632,14678,182,39,372435,338,11,316,2,0,411,13,392,1,0,2798,99,2529,45,14,2282,60,2199,12,1,1218,37,1183,8,1,1825,142,1563,14,4,3530,107,3385,18,5,887,19,859,1,0,2942,144,2252,81,14,"corin.at bmsgpk_loader v0.4","https://www.sozialministerium.at/Informationen-zum-Coronavirus/Neuartiges-Coronavirus-(2019-nCov).html",19.05.2020 10:52:42
19.05.2020 15:00:00,16261,632,14678,182,39,372435,338,11,316,2,0,411,13,392,1,0,2789,99,2529,45,14,2288,60,2199,12,1,1219,37,1183,8,1,1827,142,1563,14,4,3532,107,3385,18,5,893,19,859,1,0,2964,144,2252,81,14,"corin.at bmsgpk_loader v0.4","https://www.sozialministerium.at/Informationen-zum-Coronavirus/Neuartiges-Coronavirus-(2019-nCov).html",19.05.2020 16:09:50
20.05.2020 08:00:00,16275,633,14882,174,37,379592,338,11,316,1,0,411,13,393,1,0,2793,99,2557,41,14,2289,60,2200,15,0,1220,38,1183,7,1,1828,142,1574,12,2,3532,107,3393,15,6,894,19,861,1,0,2970,144,2405,81,14,"corin.at bmsgpk_loader v0.4","https://www.sozialministerium.at/Informationen-zum-Coronavirus/Neuartiges-Coronavirus-(2019-nCov).html",20.05.2020 11:24:31
21.05.2020 15:00:00,16335,633,14951,188,32,385607,336,11,317,3,0,411,13,393,1,0,2806,99,2562,42,13,2286,60,2197,14,0,1220,38,1189,5,0,1833,142,1589,9,2,3534,107,3395,14,4,895,19,862,1,0,3014,144,2447,99,13,"corin.at bmsgpk_loader v0.4","https://www.sozialministerium.at/Informationen-zum-Coronavirus/Neuartiges-Coronavirus-(2019-nCov).html",21.05.2020 22:08:09
20.05.2020 15:00:00,16295,633,14882,174,37,379592,336,11,316,1,0,411,13,393,1,0,2799,99,2557,41,14,2284,60,2200,15,0,1220,38,1183,7,1,1831,142,1574,12,2,3532,107,3393,15,6,894,19,861,1,0,2988,144,2405,81,14,"corin.at bmsgpk_loader v0.4","https://mc1.rbk5.com/covid19/sozialministerium-datenseite/covid19-daten-20200520-1817.html",21.05.2020 22:12:23
22.05.2020 08:00:00,16358,633,14951,188,32,385607,337,11,317,3,0,411,13,393,1,0,2813,99,2562,42,13,2287,60,2197,14,0,1220,38,1189,5,0,1834,142,1589,9,2,3534,107,3395,14,4,895,19,862,1,0,3027,144,2447,99,13,"corin.at bmsgpk_loader v0.4","https://www.sozialministerium.at/Informationen-zum-Coronavirus/Neuartiges-Coronavirus-(2019-nCov).html",22.05.2020 09:41:39
22.05.2020 15:00:00,16388,635,15005,159,31,390488,337,11,318,1,0,411,13,393,1,0,2838,100,2574,38,12,2287,60,2199,12,0,1220,38,1191,4,0,1833,143,1592,10,2,3534,107,3396,12,3,896,19,862,1,0,3032,144,2480,80,14,"corin.at bmsgpk_loader v0.4","https://www.sozialministerium.at/Informationen-zum-Coronavirus/Neuartiges-Coronavirus-(2019-nCov).html",23.05.2020 10:00:32
23.05.2020 15:00:00,16414,639,15035,144,28,396363,338,11,318,1,0,411,13,395,0,0,2830,100,2583,35,11,2289,60,2202,11,0,1220,38,1192,4,0,1833,144,1599,10,2,3536,108,3396,12,3,896,19,862,0,0,3061,146,2488,71,12,"corin.at bmsgpk_loader v0.4","https://www.sozialministerium.at/Informationen-zum-Coronavirus/Neuartiges-Coronavirus-(2019-nCov).html",23.05.2020 15:42:59
24.05.2020 08:00:00,16429,640,15063,137,29,401857,338,11,318,2,0,411,13,395,0,0,2835,100,2596,31,11,2289,60,2203,9,0,1220,38,1192,4,0,1833,145,1602,7,1,3536,108,3398,13,4,896,19,864,0,0,3071,146,2495,71,13,"corin.at bmsgpk_loader v0.4","https://www.sozialministerium.at/Informationen-zum-Coronavirus/Neuartiges-Coronavirus-(2019-nCov).html",24.05.2020 13:40:04
24.05.2020 15:00:00,16440,640,15063,137,29,401857,340,11,318,2,0,411,13,395,0,0,2835,100,2596,31,11,2290,60,2203,9,0,1220,38,1192,4,0,1834,145,1602,7,1,3536,108,3398,13,4,896,19,864,0,0,3078,146,2495,71,13,"corin.at bmsgpk_loader v0.4","https://www.sozialministerium.at/Informationen-zum-Coronavirus/Neuartiges-Coronavirus-(2019-nCov).html",24.05.2020 18:12:46
25.05.2020 15:00:00,16459,641,15138,139,31,405341,341,11,320,2,0,411,13,396,0,0,2845,100,2604,32,11,2290,60,2204,9,1,1221,38,1193,2,0,1835,145,1605,7,1,3535,108,3399,13,4,897,19,864,0,0,3084,147,2553,74,14,"corin.at bmsgpk_loader v0.4","https://www.sozialministerium.at/Informationen-zum-Coronavirus/Neuartiges-Coronavirus-(2019-nCov).html",25.05.2020 21:58:21
26.05.2020 08:00:00,16476,643,15182,127,32,411185,341,11,320,2,0,411,13,397,0,0,2847,100,2621,32,13,2290,60,2207,7,1,1221,38,1193,2,0,1835,147,1613,6,1,3535,108,3404,12,4,898,19,863,0,0,3098,147,2564,66,13,"corin.at bmsgpk_loader v0.4","https://www.sozialministerium.at/Informationen-zum-Coronavirus/Neuartiges-Coronavirus-(2019-nCov).html",26.05.2020 13:56:43
26.05.2020 15:00:00,16497,643,15182,127,32,411185,341,11,320,2,0,413,13,397,0,0,2851,100,2621,32,13,2291,60,2207,7,1,1220,38,1193,2,0,1836,147,1613,6,1,3534,108,3404,12,4,898,19,863,0,0,3113,147,2564,66,13,"corin.at bmsgpk_loader v0.4","https://www.sozialministerium.at/Informationen-zum-Coronavirus/Neuartiges-Coronavirus-(2019-nCov).html",27.05.2020 07:00:32
27.05.2020 15:00:00,16514,645,15228,116,32,418706,340,11,321,2,0,414,13,398,0,0,2860,100,2633,28,13,2292,60,2209,7,0,1219,38,1192,2,0,1835,147,1626,7,1,3536,108,3405,11,4,898,19,863,0,0,3120,149,2581,59,14,"corin.at bmsgpk_loader v0.4","https://www.sozialministerium.at/Informationen-zum-Coronavirus/Neuartiges-Coronavirus-(2019-nCov).html",28.05.2020 05:36:10
28.05.2020 15:00:00,16544,668,15286,107,30,427372,341,11,324,2,0,414,13,398,0,0,2861,100,2647,26,13,2292,60,2212,7,0,1220,38,1192,2,0,1835,147,1628,8,1,3536,108,3412,10,4,898,19,866,0,0,3147,172,2607,52,12,"corin.at bmsgpk_loader v0.4","https://www.sozialministerium.at/Informationen-zum-Coronavirus/Neuartiges-Coronavirus-(2019-nCov).html",28.05.2020 22:29:02
29.05.2020 15:00:00,16575,668,15347,103,25,434302,341,11,325,2,0,414,13,398,0,0,2864,100,2654,26,11,2294,60,2212,7,0,1220,38,1193,3,0,1837,147,1638,7,1,3537,108,3416,12,3,898,19,866,0,0,3170,172,2645,46,10,"corin.at bmsgpk_loader v0.4","https://www.sozialministerium.at/Informationen-zum-Coronavirus/Neuartiges-Coronavirus-(2019-nCov).html",30.05.2020 07:28:08
30.05.2020 18:00:00,16627,668,15520,98,23,442143,342,11,325,2,0,414,13,398,0,0,2866,100,2667,25,10,2295,60,2214,7,0,1220,38,1196,0,0,1836,147,1642,6,0,3537,108,3419,12,3,898,19,866,0,0,3219,172,2793,46,10,"corin.at bmsgpk_loader v0.4","https://www.sozialministerium.at/Informationen-zum-Coronavirus/Neuartiges-Coronavirus-(2019-nCov).html",30.05.2020 22:54:42
31.05.2020 08:30:00,16638,668,15593,97,27,448534,342,11,325,2,0,414,13,398,0,0,2867,100,2673,22,10,2295,60,2215,7,0,1220,38,1196,0,0,1836,147,1645,6,0,3537,108,3420,7,3,898,19,866,0,0,3229,172,2855,53,14,"corin.at bmsgpk_loader v0.4","https://www.sozialministerium.at/Informationen-zum-Coronavirus/Neuartiges-Coronavirus-(2019-nCov).html",31.05.2020 10:58:35
31.05.2020 15:30:00,16638,668,15593,97,27,448534,342,11,325,2,0,414,13,398,0,0,2866,100,2673,22,10,2296,60,2215,7,0,1220,38,1196,0,0,1836,147,1645,6,0,3537,108,3420,7,3,898,19,866,0,0,3229,172,2855,53,14,"corin.at bmsgpk_loader v0.4","https://mc1.rbk5.com/covid19/sozialministerium-datenseite/covid19-daten-20200531-2017.html",01.06.2020 14:50:19
01.06.2020 08:00:00,16642,668,15596,97,29,451820,342,11,326,2,0,414,13,398,0,0,2866,100,2673,21,10,2296,60,2215,7,0,1220,38,1197,0,0,1836,147,1646,7,2,3537,108,3420,7,3,898,19,866,0,0,3233,172,2855,53,14,"corin.at bmsgpk_loader v0.4","https://www.sozialministerium.at/Informationen-zum-Coronavirus/Neuartiges-Coronavirus-(2019-nCov).html",01.06.2020 14:52:16
01.06.2020 15:00:00,16643,668,15596,97,29,451820,342,11,326,2,0,414,13,398,0,0,2866,100,2673,21,10,2296,60,2215,7,0,1220,38,1197,0,0,1837,147,1646,7,2,3537,108,3420,7,3,898,19,866,0,0,3233,172,2855,53,14,"corin.at bmsgpk_loader v0.4","https://www.sozialministerium.at/Informationen-zum-Coronavirus/Neuartiges-Coronavirus-(2019-nCov).html",01.06.2020 21:42:13
02.06.2020 15:00:00,16664,669,15629,88,26,456378,342,11,327,2,0,415,13,398,0,0,2866,100,2678,20,9,2297,61,2215,3,0,1220,38,1197,0,0,1837,147,1647,7,2,3535,108,3421,7,3,899,19,867,0,0,3253,172,2879,49,12,"corin.at bmsgpk_loader v0.4","https://www.sozialministerium.at/Informationen-zum-Coronavirus/Neuartiges-Coronavirus-(2019-nCov).html",02.06.2020 18:25:45
03.06.2020 08:00:00,16674,670,15672,87,21,462958,342,11,328,2,0,416,13,398,0,0,2867,100,2687,19,6,2297,61,2221,3,0,1220,38,1197,0,0,1837,148,1655,7,2,3535,108,3425,7,2,900,19,867,0,0,3260,172,2894,49,11,"corin.at bmsgpk_loader v0.4","https://www.sozialministerium.at/Informationen-zum-Coronavirus/Neuartiges-Coronavirus-(2019-nCov).html",03.06.2020 13:03:21
03.06.2020 15:00:00,16700,670,15672,87,21,462958,342,11,328,2,0,416,13,398,0,0,2868,100,2687,19,6,2300,61,2221,3,0,1220,38,1197,0,0,1840,148,1655,7,2,3536,108,3425,7,2,901,19,867,0,0,3277,172,2894,49,11,"corin.at bmsgpk_loader v0.4","https://mc1.rbk5.com/covid19/sozialministerium-datenseite/covid19-daten-20200603-2017.html",04.06.2020 11:43:53
04.06.2020 08:00:00,16705,670,15717,87,22,471466,342,11,328,2,0,416,13,398,0,0,2868,100,2695,18,6,2301,61,2225,4,0,1220,38,1198,0,0,1840,148,1661,5,1,3537,108,3426,5,2,901,19,869,0,0,3280,172,2917,53,13,"corin.at bmsgpk_loader v0.4","https://www.sozialministerium.at/Informationen-zum-Coronavirus/Neuartiges-Coronavirus-(2019-nCov).html",04.06.2020 11:45:18
04.06.2020 15:00:00,16731,670,15717,87,22,471466,342,11,328,2,0,416,13,398,0,0,2870,100,2695,18,6,2301,61,2225,4,0,1220,38,1198,0,0,1842,148,1661,5,1,3538,108,3426,5,2,901,19,869,0,0,3301,172,2917,53,13,"corin.at bmsgpk_loader v0.4","https://mc1.rbk5.com/covid19/sozialministerium-datenseite/covid19-daten-20200604-2017.html",05.06.2020 09:10:03
05.06.2020 08:00:00,16740,670,15717,87,22,471466,342,11,328,2,0,416,13,398,0,0,2873,100,2695,18,6,2300,61,2225,4,0,1220,38,1198,0,0,1842,148,1661,5,1,3539,108,3426,5,2,901,19,869,0,0,3307,172,2917,53,13,"corin.at bmsgpk_loader v0.4","https://www.sozialministerium.at/Informationen-zum-Coronavirus/Neuartiges-Coronavirus-(2019-nCov).html",05.06.2020 09:11:41
05.06.2020 15:00:00,16757,672,15742,75,20,479449,342,11,329,2,0,416,13,398,0,0,2876,100,2699,18,6,2306,61,2226,2,0,1220,38,1199,0,0,1845,149,1667,3,1,3539,108,3430,5,2,904,19,867,0,0,3309,173,2927,45,11,"corin.at bmsgpk_loader v0.4","https://mc1.rbk5.com/covid19/sozialministerium-datenseite/covid19-daten-20200605-2017.html",06.06.2020 09:23:47
06.06.2020 08:00:00,16804,672,15742,75,20,479449,342,11,329,2,0,416,13,398,0,0,2880,100,2699,18,6,2310,61,2226,2,0,1220,38,1199,0,0,1845,149,1667,3,1,3539,108,3430,5,2,904,19,867,0,0,3348,173,2927,45,11,"corin.at bmsgpk_loader v0.4","https://www.sozialministerium.at/Informationen-zum-Coronavirus/Neuartiges-Coronavirus-(2019-nCov).html",06.06.2020 09:25:09
06.06.2020 15:00:00,16817,672,15789,72,17,485912,342,11,329,2,0,416,13,398,0,0,2880,100,2706,16,5,2311,61,2228,2,0,1220,38,1200,0,0,1845,149,1669,3,1,3540,108,3432,2,1,904,19,876,0,0,3359,173,2951,47,10,"corin.at bmsgpk_loader v0.4","https://www.sozialministerium.at/Informationen-zum-Coronavirus/Neuartiges-Coronavirus-(2019-nCov).html",06.06.2020 16:22:09
07.06.2020 15:00:00,16854,672,15793,69,17,489597,342,11,329,2,0,416,13,398,0,0,2883,100,2707,14,5,2313,61,2229,2,0,1221,38,1200,0,0,1845,149,1670,2,1,3540,108,3433,2,1,905,19,876,0,0,3389,173,2951,47,10,"corin.at bmsgpk_loader v0.4","https://www.sozialministerium.at/Informationen-zum-Coronavirus/Neuartiges-Coronavirus-(2019-nCov).html",07.06.2020 15:27:19
08.06.2020 15:00:00,16879,672,15839,82,17,494761,342,11,329,2,0,416,13,399,0,0,2889,100,2707,14,6,2314,61,2230,5,0,1221,38,1200,0,0,1844,149,1678,2,1,3538,108,3434,2,1,905,19,876,0,0,3410,173,2986,57,9,"corin.at bmsgpk_loader v0.4","https://www.sozialministerium.at/Informationen-zum-Coronavirus/Neuartiges-Coronavirus-(2019-nCov).html",08.06.2020 16:20:39
09.06.2020 08:00:00,16889,672,15875,84,19,500921,342,11,331,0,0,416,13,400,0,0,2889,100,2717,15,5,2314,61,2231,6,1,1221,38,1200,0,0,1843,149,1683,2,1,3539,108,3436,3,2,905,19,876,0,0,3420,173,3001,58,10,"corin.at bmsgpk_loader v0.4","https://www.sozialministerium.at/Informationen-zum-Coronavirus/Neuartiges-Coronavirus-(2019-nCov).html",09.06.2020 12:42:33
09.06.2020 15:00:00,16897,672,15875,84,19,500921,342,11,331,0,0,415,13,400,0,0,2891,100,2717,15,5,2317,61,2231,6,1,1221,38,1200,0,0,1844,149,1683,2,1,3540,108,3436,3,2,906,19,876,0,0,3421,173,3001,58,10,"corin.at bmsgpk_loader v0.4","https://www.sozialministerium.at/Informationen-zum-Coronavirus/Neuartiges-Coronavirus-(2019-nCov).html",10.06.2020 06:45:08
10.06.2020 15:00:00,16920,673,15910,80,17,506344,343,11,332,0,0,415,13,401,0,0,2891,100,2725,12,4,2325,61,2231,5,1,1223,38,1200,1,1,1843,150,1686,2,1,3540,108,3436,2,1,907,19,878,0,0,3433,173,3021,58,9,"corin.at bmsgpk_loader v0.4","https://www.sozialministerium.at/Informationen-zum-Coronavirus/Neuartiges-Coronavirus-(2019-nCov).html",10.06.2020 16:19:14
11.06.2020 15:00:00,16945,674,15949,76,13,512501,343,11,332,0,0,415,13,401,0,0,2893,100,2742,13,2,2327,61,2232,5,1,1223,38,1201,1,0,1842,150,1686,2,1,3540,108,3436,2,1,907,19,878,0,0,3455,174,3041,53,8,"corin.at bmsgpk_loader v0.4","https://www.sozialministerium.at/Informationen-zum-Coronavirus/Neuartiges-Coronavirus-(2019-nCov).html",11.06.2020 18:11:57
12.06.2020 15:00:00,16970,675,15985,69,9,516581,343,11,332,0,0,415,13,401,0,0,2899,100,2746,12,0,2330,61,2232,5,1,1223,38,1201,1,0,1841,150,1688,3,1,3540,108,3437,2,1,907,19,880,0,0,3472,175,3068,46,6,"corin.at bmsgpk_loader v0.4","https://www.sozialministerium.at/Informationen-zum-Coronavirus/Neuartiges-Coronavirus-(2019-nCov).html",13.06.2020 07:23:58
13.06.2020 15:00:00,17001,677,16012,73,11,520976,343,11,329,0,0,415,13,401,0,0,2906,100,2750,14,2,2330,61,2232,5,1,1223,38,1201,1,0,1841,150,1690,1,1,3540,108,3437,2,1,907,19,881,0,0,3496,177,3091,50,6,"corin.at bmsgpk_loader v0.4","https://www.sozialministerium.at/Informationen-zum-Coronavirus/Neuartiges-Coronavirus-(2019-nCov).html",14.06.2020 08:31:12
14.06.2020 15:30:00,17029,677,16059,69,12,524840,343,11,329,0,0,415,13,401,0,0,2912,100,2750,10,2,2330,61,2233,5,1,1223,38,1201,1,0,1841,150,1690,1,1,3541,108,3438,2,1,907,19,881,0,0,3517,177,3136,50,7,"corin.at bmsgpk_loader v0.4","https://www.sozialministerium.at/Informationen-zum-Coronavirus/Neuartiges-Coronavirus-(2019-nCov).html",14.06.2020 19:04:47
15.06.2020 15:00:00,17074,678,16066,79,15,527670,343,11,329,0,0,419,13,401,0,0,2922,100,2750,11,2,2330,61,2234,10,2,1223,38,1201,1,0,1842,150,1689,2,2,3542,108,3438,2,1,907,19,881,0,0,3546,178,3143,53,8,"corin.at bmsgpk_loader v0.4","https://mc1.rbk5.com/covid19/sozialministerium-datenseite/covid19-daten-20200615-2017.html",16.06.2020 08:46:32
16.06.2020 08:00:00,17098,678,16066,79,15,527670,343,11,329,0,0,419,13,401,0,0,2924,100,2750,11,2,2330,61,2234,10,2,1223,38,1201,1,0,1843,150,1689,2,2,3542,108,3438,2,1,907,19,881,0,0,3567,178,3143,53,8,"corin.at bmsgpk_loader v0.4","https://www.sozialministerium.at/Informationen-zum-Coronavirus/Neuartiges-Coronavirus-(2019-nCov).html",16.06.2020 08:49:02
16.06.2020 15:00:00,17102,681,16089,78,12,532700,343,11,329,0,0,419,13,401,0,0,2924,100,2753,9,1,2331,61,2235,9,1,1225,38,1201,1,0,1843,150,1690,3,2,3542,108,3440,3,2,907,19,882,0,0,3568,181,3158,53,6,"corin.at bmsgpk_loader v0.4","https://www.sozialministerium.at/Informationen-zum-Coronavirus/Neuartiges-Coronavirus-(2019-nCov).html",17.06.2020 07:29:39
17.06.2020 15:00:00,17117,687,16099,71,11,540615,344,11,329,0,0,419,13,402,0,0,2927,100,2754,7,1,2331,61,2235,8,1,1225,38,1201,1,0,1843,151,1688,4,3,3541,108,3440,2,1,906,19,882,0,0,3581,186,3168,49,5,"corin.at bmsgpk_loader v0.4","https://www.sozialministerium.at/Informationen-zum-Coronavirus/Neuartiges-Coronavirus-(2019-nCov).html",18.06.2020 06:45:50
18.06.2020 15:00:00,17155,688,16101,72,8,545927,344,11,330,0,0,418,13,402,0,0,2932,100,2756,9,1,2333,61,2238,7,0,1226,38,1202,0,0,1845,151,1661,4,1,3541,108,3441,2,1,907,19,882,0,0,3609,187,3189,50,5,"corin.at bmsgpk_loader v0.4","https://www.sozialministerium.at/Informationen-zum-Coronavirus/Neuartiges-Coronavirus-(2019-nCov).html",19.06.2020 07:23:51
19.06.2020 15:00:00,17187,688,16141,75,7,552130,345,11,329,0,0,419,13,402,0,0,2939,100,2761,11,1,2336,61,2240,7,0,1230,38,1202,0,0,1849,151,1661,5,1,3541,108,3442,1,0,907,19,888,0,0,3621,187,3216,51,5,"corin.at bmsgpk_loader v0.4","https://mc1.rbk5.com/covid19/sozialministerium-datenseite/covid19-daten-20200619-2017.html",20.06.2020 08:50:17
20.06.2020 15:00:00,17234,688,16175,74,8,558208,346,11,329,2,0,422,13,402,1,0,2940,100,2765,12,2,2341,61,2249,7,0,1235,38,1202,2,0,1850,151,1672,5,1,3542,108,3443,1,0,907,19,889,0,0,3651,187,3224,44,5,"corin.at bmsgpk_loader v0.4","https://mc1.rbk5.com/covid19/sozialministerium-datenseite/covid19-daten-20200620-2017.html",21.06.2020 10:30:19
21.06.2020 15:00:00,17261,690,16197,69,8,560584,346,11,329,2,0,422,13,402,1,0,2947,100,2767,10,2,2346,61,2250,7,0,1239,38,1202,3,0,1851,151,1672,5,1,3542,108,3443,2,0,907,19,889,0,0,3661,189,3243,39,5,"corin.at bmsgpk_loader v0.4","https://www.sozialministerium.at/Informationen-zum-Coronavirus/Neuartiges-Coronavirus-(2019-nCov).html",22.06.2020 07:18:43
22.06.2020 15:00:00,17302,690,16241,69,10,565800,346,11,330,0,0,422,13,402,1,0,2954,100,2769,9,3,2349,61,2250,7,0,1241,38,1201,3,0,1851,151,1672,4,1,3543,108,3443,2,0,907,19,889,0,0,3689,189,3285,43,6,"corin.at bmsgpk_loader v0.4","https://www.sozialministerium.at/Informationen-zum-Coronavirus/Neuartiges-Coronavirus-(2019-nCov).html",22.06.2020 16:20:11
23.06.2020 15:00:00,17324,693,16261,68,11,572473,347,11,331,0,0,422,13,402,1,0,2958,101,2777,11,4,2350,61,2254,5,0,1242,38,1201,3,0,1853,151,1673,4,1,3544,108,3444,2,0,907,19,889,0,0,3701,191,3290,42,6,"corin.at bmsgpk_loader v0.4","https://www.sozialministerium.at/Informationen-zum-Coronavirus/Neuartiges-Coronavirus-(2019-nCov).html",24.06.2020 08:38:49
24.06.2020 15:00:00,17370,693,16282,70,11,578584,349,11,331,0,0,426,13,402,2,0,2965,101,2778,8,4,2362,61,2256,7,0,1245,38,1201,3,0,1853,151,1673,5,1,3545,108,3444,2,0,908,19,889,0,0,3717,191,3308,43,6,"corin.at bmsgpk_loader v0.4","https://www.sozialministerium.at/Informationen-zum-Coronavirus/Neuartiges-Coronavirus-(2019-nCov).html",25.06.2020 07:03:17
25.06.2020 15:00:00,17400,698,16320,71,11,584243,349,11,332,0,0,429,13,402,2,0,2972,102,2783,11,3,2370,61,2263,11,1,1247,38,1201,3,0,1857,152,1676,4,1,3545,108,3444,2,0,908,19,889,0,0,3723,194,3330,38,6,"corin.at bmsgpk_loader v0.4","https://www.sozialministerium.at/Informationen-zum-Coronavirus/Neuartiges-Coronavirus-(2019-nCov).html",26.06.2020 06:59:52
26.06.2020 15:00:00,17463,698,16348,70,10,590442,348,11,332,0,0,429,13,402,1,0,2977,102,2789,11,3,2388,61,2264,10,0,1246,38,1201,4,0,1861,152,1676,2,1,3547,108,3444,3,0,908,19,890,0,0,3759,194,3350,39,6,"corin.at bmsgpk_loader v0.4","https://www.sozialministerium.at/Informationen-zum-Coronavirus/Neuartiges-Coronavirus-(2019-nCov).html",26.06.2020 16:12:34
27.06.2020 15:00:00,17527,700,16371,71,10,597495,349,11,332,0,0,429,13,402,1,0,2988,102,2794,15,2,2406,61,2269,10,0,1246,38,1201,4,0,1862,153,1677,1,1,3547,108,3444,4,1,910,19,891,0,0,3790,195,3361,36,6,"corin.at bmsgpk_loader v0.4","https://www.sozialministerium.at/Informationen-zum-Coronavirus/Neuartiges-Coronavirus-(2019-nCov).html",27.06.2020 18:46:45
28.06.2020 15:00:00,17574,702,16401,71,9,602520,351,11,332,0,0,429,13,402,1,0,2994,102,2795,14,1,2421,61,2270,10,0,1251,38,1201,4,0,1865,153,1680,1,1,3548,108,3444,4,1,910,19,891,0,0,3805,197,3386,37,6,"corin.at bmsgpk_loader v0.4","https://www.sozialministerium.at/Informationen-zum-Coronavirus/Neuartiges-Coronavirus-(2019-nCov).html",28.06.2020 16:05:24
29.06.2020 15:00:00,17650,703,16420,74,8,606375,351,11,332,1,0,429,13,402,1,0,3001,103,2797,12,1,2460,61,2270,15,0,1252,38,1200,4,0,1866,153,1680,1,1,3549,108,3444,4,1,910,19,891,0,0,3832,197,3404,36,5,"corin.at bmsgpk_loader v0.4","https://www.sozialministerium.at/Informationen-zum-Coronavirus/Neuartiges-Coronavirus-(2019-nCov).html",30.06.2020 07:59:26
30.06.2020 15:00:00,17706,705,16478,64,6,612756,352,11,333,0,0,429,13,402,1,0,3007,104,2809,13,1,2478,61,2271,13,0,1252,38,1201,0,0,1866,153,1681,1,1,3552,108,3444,2,0,910,19,891,0,0,3860,198,3446,34,4,"corin.at bmsgpk_loader v0.4","https://www.sozialministerium.at/Informationen-zum-Coronavirus/Neuartiges-Coronavirus-(2019-nCov).html",01.07.2020 08:29:09
01.07.2020 08:00:00,17778,705,16491,74,9,620866,353,11,333,0,0,429,13,402,1,0,3011,104,2811,14,1,2521,61,2272,13,0,1255,38,1201,5,0,1875,153,1681,2,1,3557,108,3445,2,0,910,19,891,0,0,3867,198,3455,37,7,"corin.at bmsgpk_loader v0.4","https://www.sozialministerium.at/Informationen-zum-Coronavirus/Neuartiges-Coronavirus-(2019-nCov).html",01.07.2020 13:32:49
01.07.2020 15:00:00,17814,705,16491,74,9,620866,353,11,333,0,0,430,13,402,1,0,3010,104,2811,14,1,2541,61,2272,13,0,1255,38,1201,5,0,1875,153,1681,2,1,3557,108,3445,2,0,910,19,891,0,0,3883,198,3455,37,7,"corin.at bmsgpk_loader v0.4","https://mc1.rbk5.com/covid19/sozialministerium-datenseite/covid19-daten-20200701-2017.html",02.07.2020 11:27:42
02.07.2020 08:00:00,17856,705,16514,69,7,628700,353,11,333,1,0,430,13,402,1,0,3011,104,2812,14,1,2564,61,2274,16,0,1255,38,1203,5,0,1875,153,1685,1,1,3557,108,3447,2,0,910,19,891,0,0,3901,198,3467,29,5,"corin.at bmsgpk_loader v0.4","https://www.sozialministerium.at/Informationen-zum-Coronavirus/Neuartiges-Coronavirus-(2019-nCov).html",02.07.2020 11:29:16
02.07.2020 15:00:00,17896,705,16514,69,7,628700,356,11,333,1,0,430,13,402,1,0,3012,104,2812,14,1,2590,61,2274,16,0,1255,38,1203,5,0,1881,153,1685,1,1,3558,108,3447,2,0,910,19,891,0,0,3904,198,3467,29,5,"corin.at bmsgpk_loader v0.4","https://www.sozialministerium.at/Informationen-zum-Coronavirus/Neuartiges-Coronavirus-(2019-nCov).html",02.07.2020 15:40:19
03.07.2020 15:00:00,18016,705,16558,72,7,635505,360,11,336,1,0,431,13,402,1,0,3017,104,2813,13,2,2629,61,2276,19,0,1256,38,1205,5,0,1894,153,1685,1,1,3569,108,3447,2,0,910,19,892,0,0,3950,198,3502,30,4,"corin.at bmsgpk_loader v0.4","https://www.sozialministerium.at/Informationen-zum-Coronavirus/Neuartiges-Coronavirus-(2019-nCov).html",04.07.2020 08:21:01
04.07.2020 15:00:00,18117,705,16607,68,8,642679,361,11,336,2,0,431,13,404,1,0,3022,104,2818,13,2,2674,61,2282,19,0,1259,38,1211,4,0,1900,153,1685,2,1,3564,108,3447,2,0,911,19,891,0,0,3995,198,3533,25,5,"corin.at bmsgpk_loader v0.4","https://mc1.rbk5.com/covid19/sozialministerium-datenseite/covid19-daten-20200704-2017.html",05.07.2020 09:15:16
05.07.2020 08:00:00,18196,705,16607,68,8,642679,361,11,336,2,0,433,13,404,1,0,3024,104,2818,13,2,2717,61,2282,19,0,1262,38,1211,4,0,1901,153,1685,2,1,3566,108,3447,2,0,911,19,891,0,0,4021,198,3533,25,5,"corin.at bmsgpk_loader v0.4","https://www.sozialministerium.at/Informationen-zum-Coronavirus/Neuartiges-Coronavirus-(2019-nCov).html",05.07.2020 09:16:28
05.07.2020 15:00:00,18217,706,16615,72,10,647804,361,11,337,2,0,433,13,404,2,0,3027,104,2819,13,2,2730,61,2285,19,0,1262,38,1211,2,0,1901,154,1688,2,1,3566,108,3447,2,0,911,19,891,0,0,4026,198,3533,30,7,"corin.at bmsgpk_loader v0.4","https://www.sozialministerium.at/Informationen-zum-Coronavirus/Neuartiges-Coronavirus-(2019-nCov).html",06.07.2020 08:03:29
06.07.2020 15:00:00,18294,706,16647,78,11,654105,361,11,337,2,0,435,13,404,2,0,3031,104,2826,15,2,2776,61,2287,23,1,1264,38,1212,2,0,1904,154,1688,2,1,3567,108,3447,2,0,912,19,891,0,0,4044,198,3555,30,7,"corin.at bmsgpk_loader v0.4","https://www.sozialministerium.at/Informationen-zum-Coronavirus/Neuartiges-Coronavirus-(2019-nCov).html",07.07.2020 06:57:17
07.07.2020 15:00:00,18376,706,16686,91,10,660149,362,11,337,2,0,435,13,407,2,0,3038,104,2831,13,2,2800,61,2295,19,0,1270,38,1213,2,0,1908,154,1688,2,1,3571,108,3448,2,0,912,19,891,0,0,4080,198,3576,49,7,"corin.at bmsgpk_loader v0.4","https://mc1.rbk5.com/covid19/sozialministerium-datenseite/covid19-daten-20200707-2017.html",08.07.2020 12:38:51
08.07.2020 08:00:00,18418,706,16721,77,11,668220,363,11,338,2,0,435,13,408,1,0,3041,104,2835,14,3,2818,61,2306,23,0,1272,38,1216,2,0,1914,154,1688,3,1,3573,108,3448,2,0,912,19,891,1,0,4090,198,3591,29,7,"corin.at bmsgpk_loader v0.4","https://www.sozialministerium.at/Informationen-zum-Coronavirus/Neuartiges-Coronavirus-(2019-nCov).html",08.07.2020 12:40:12
08.07.2020 15:00:00,18472,706,16721,77,11,668220,365,11,338,2,0,436,13,408,1,0,3042,104,2835,14,3,2837,61,2306,23,0,1280,38,1216,2,0,1918,154,1688,3,1,3575,108,3448,2,0,912,19,891,1,0,4107,198,3591,29,7,"corin.at bmsgpk_loader v0.4","https://mc1.rbk5.com/covid19/sozialministerium-datenseite/covid19-daten-20200708-2017.html",10.07.2020 08:47:18
09.07.2020 15:00:00,18581,706,16758,78,12,675727,367,11,338,2,0,437,13,410,1,0,3049,104,2844,11,3,2887,61,2317,23,0,1281,38,1219,2,0,1921,154,1689,3,1,3578,108,3448,2,0,913,19,893,1,0,4148,198,3600,33,8,"corin.at bmsgpk_loader v0.4","https://mc1.rbk5.com/covid19/sozialministerium-datenseite/covid19-daten-20200709-2017.html",10.07.2020 08:48:25
10.07.2020 15:00:00,18654,706,16808,80,9,683484,368,11,338,3,0,442,13,412,1,0,3054,104,2855,12,3,2922,61,2326,26,1,1285,38,1218,4,0,1925,154,1690,3,1,3580,108,3449,2,0,913,19,895,1,0,4165,198,3625,28,4,"corin.at bmsgpk_loader v0.4","https://www.sozialministerium.at/Informationen-zum-Coronavirus/Neuartiges-Coronavirus-(2019-nCov).html",10.07.2020 21:15:34
11.07.2020 15:00:00,18763,706,16864,77,9,691709,369,11,338,2,0,444,13,413,0,0,3061,104,2866,12,3,2988,61,2345,26,1,1286,38,1217,4,0,1926,154,1698,2,1,3583,108,3449,2,0,913,19,895,1,0,4193,198,3643,28,4,"corin.at bmsgpk_loader v0.4","https://www.sozialministerium.at/Informationen-zum-Coronavirus/Neuartiges-Coronavirus-(2019-nCov).html",11.07.2020 15:49:45
12.07.2020 15:00:00,18817,708,16952,83,10,696740,369,11,339,2,0,444,13,413,0,0,3064,104,2872,14,3,3004,61,2385,26,1,1289,38,1219,2,0,1928,154,1698,3,1,3589,108,3449,2,0,913,19,895,1,0,4217,200,3682,33,5,"corin.at bmsgpk_loader v0.4","https://www.sozialministerium.at/Informationen-zum-Coronavirus/Neuartiges-Coronavirus-(2019-nCov).html",13.07.2020 06:39:08
13.07.2020 15:00:00,18877,708,17000,82,8,700616,371,11,340,2,0,444,13,413,1,0,3067,104,2874,13,3,3035,61,2415,28,0,1290,38,1222,3,0,1932,154,1698,3,1,3591,108,3449,3,0,915,19,895,1,0,4232,200,3694,28,4,"corin.at bmsgpk_loader v0.4","https://mc1.rbk5.com/covid19/sozialministerium-datenseite/covid19-daten-20200713-2017.html",14.07.2020 11:59:37
14.07.2020 08:00:00,18945,709,17073,83,9,708128,371,11,343,1,0,444,13,413,1,0,3073,105,2877,12,3,3042,61,2439,28,1,1296,38,1229,3,0,1942,154,1698,4,1,3593,108,3457,2,0,915,19,896,1,0,4269,200,3721,31,4,"corin.at bmsgpk_loader v0.4","https://www.sozialministerium.at/Informationen-zum-Coronavirus/Neuartiges-Coronavirus-(2019-nCov).html",14.07.2020 12:01:39
14.07.2020 15:00:00,18985,709,17073,83,9,708128,373,11,343,1,0,444,13,413,1,0,3076,105,2877,12,3,3057,61,2439,28,1,1297,38,1229,3,0,1949,154,1698,4,1,3594,108,3457,2,0,915,19,896,1,0,4280,200,3721,31,4,"corin.at bmsgpk_loader v0.4","https://mc1.rbk5.com/covid19/sozialministerium-datenseite/covid19-daten-20200714-2017.html",16.07.2020 12:05:06
15.07.2020 15:00:00,19111,710,17175,96,10,716293,375,11,347,1,0,445,13,415,1,0,3095,105,2881,11,3,3093,61,2487,29,1,1304,38,1234,4,0,1955,154,1708,4,1,3597,108,3462,2,0,916,19,896,1,0,4331,201,3745,43,5,"corin.at bmsgpk_loader v0.4","https://mc1.rbk5.com/covid19/sozialministerium-datenseite/covid19-daten-20200715-2017.html",16.07.2020 12:06:16
16.07.2020 08:00:00,19174,711,17244,94,11,726345,375,11,347,1,0,446,13,415,1,0,3120,105,2884,11,3,3110,61,2522,27,1,1304,38,1234,4,0,1961,154,1711,5,1,3599,108,3466,2,0,917,19,897,1,0,4342,202,3768,42,6,"corin.at bmsgpk_loader v0.4","https://www.sozialministerium.at/Informationen-zum-Coronavirus/Neuartiges-Coronavirus-(2019-nCov).html",16.07.2020 12:07:16
16.07.2020 15:00:00,19271,711,17244,94,11,726345,376,11,347,1,0,446,13,415,1,0,3147,105,2884,11,3,3153,61,2522,27,1,1305,38,1234,4,0,1962,154,1711,5,1,3601,108,3466,2,0,919,19,897,1,0,4362,202,3768,42,6,"corin.at bmsgpk_loader v0.4","https://mc1.rbk5.com/covid19/sozialministerium-datenseite/covid19-daten-20200716-2017.html",18.07.2020 14:26:04
17.07.2020 15:00:00,19407,711,17335,99,11,734413,376,11,352,1,0,448,13,415,1,0,3166,105,2888,13,3,3184,61,2559,30,1,1310,38,1238,3,0,1976,154,1715,5,1,3608,108,3467,2,0,918,19,897,1,0,4421,202,3804,43,6,"corin.at bmsgpk_loader v0.4","https://mc1.rbk5.com/covid19/sozialministerium-datenseite/covid19-daten-20200717-2017.html",18.07.2020 14:27:10
18.07.2020 08:00:00,19484,711,17501,98,11,743090,379,11,355,0,0,448,13,416,1,0,3175,105,2892,17,4,3215,61,2652,30,1,1318,38,1239,4,0,1978,154,1717,5,1,3608,108,3476,1,0,918,19,897,1,0,4445,202,3857,39,5,"corin.at bmsgpk_loader v0.4","https://www.sozialministerium.at/Informationen-zum-Coronavirus/Neuartiges-Coronavirus-(2019-nCov).html",18.07.2020 14:28:14
18.07.2020 15:00:00,19509,711,17501,98,11,743090,379,11,355,0,0,448,13,416,1,0,3175,105,2892,17,4,3232,61,2652,30,1,1318,38,1239,4,0,1983,154,1717,5,1,3608,108,3476,1,0,918,19,897,1,0,4448,202,3857,39,5,"corin.at bmsgpk_loader v0.4","https://mc1.rbk5.com/covid19/sozialministerium-datenseite/covid19-daten-20200718-2017.html",20.07.2020 08:17:18
19.07.2020 15:00:00,19569,711,17599,99,14,748669,380,11,355,0,0,448,13,418,1,0,3186,105,2893,18,4,3241,61,2681,30,1,1324,38,1241,5,1,1988,154,1738,4,1,3608,108,3476,1,0,918,19,897,1,0,4476,202,3900,39,7,"corin.at bmsgpk_loader v0.4","https://www.sozialministerium.at/Informationen-zum-Coronavirus/Neuartiges-Coronavirus-(2019-nCov).html",20.07.2020 08:17:57
20.07.2020 15:00:00,19670,711,17659,112,16,798436,385,11,355,0,0,451,13,420,1,0,3198,105,2899,18,5,3279,61,2710,40,2,1327,38,1241,7,1,1990,154,1738,2,1,3610,108,3477,1,0,919,19,898,1,0,4511,202,3921,42,7,"corin.at bmsgpk_loader v0.4","https://mc1.rbk5.com/covid19/sozialministerium-datenseite/covid19-daten-20200720-2017.html",22.07.2020 10:16:18
21.07.2020 15:00:00,19801,710,17716,114,18,805600,389,11,356,0,0,452,13,421,1,0,3210,105,2904,18,5,3326,61,2763,34,3,1329,37,1213,7,1,2009,154,1738,4,1,3620,108,3481,1,0,919,19,899,2,1,4547,202,3941,47,7,"corin.at bmsgpk_loader v0.4","https://mc1.rbk5.com/covid19/sozialministerium-datenseite/covid19-daten-20200721-2017.html",22.07.2020 10:17:52
22.07.2020 08:00:00,19868,710,17716,114,18,805600,389,11,356,0,0,452,13,421,1,0,3219,105,2904,18,5,3344,61,2763,34,3,1339,37,1213,7,1,2013,154,1738,4,1,3624,108,3481,1,0,919,19,899,2,1,4569,202,3941,47,7,"corin.at bmsgpk_loader v0.4","https://www.sozialministerium.at/Informationen-zum-Coronavirus/Neuartiges-Coronavirus-(2019-nCov).html",22.07.2020 10:18:57
22.07.2020 15:00:00,19943,711,17849,111,18,814681,390,11,358,0,0,452,13,423,2,0,3220,105,2909,17,5,3376,61,2824,30,2,1340,37,1217,7,1,2022,154,1764,6,1,3628,108,3485,1,0,921,19,899,2,1,4594,203,3970,46,8,"corin.at bmsgpk_loader v0.4","https://mc1.rbk5.com/covid19/sozialministerium-datenseite/covid19-daten-20200722-2017.html",24.07.2020 07:41:21
23.07.2020 15:00:00,20101,711,17943,102,15,826031,391,11,359,1,0,452,13,424,2,0,3242,105,2924,14,4,3427,61,2864,29,2,1344,37,1219,6,1,2037,154,1767,5,1,3631,108,3486,1,0,927,19,899,3,1,4650,203,4001,41,6,"corin.at bmsgpk_loader v0.4","https://www.sozialministerium.at/Informationen-zum-Coronavirus/Neuartiges-Coronavirus-(2019-nCov).html",24.07.2020 07:42:58
24.07.2020 15:00:00,20224,711,18042,103,17,833841,393,11,360,0,0,452,13,425,2,0,3255,105,2930,14,4,3464,61,2905,28,2,1353,37,1222,6,1,2046,154,1775,7,2,3636,108,3490,2,0,930,19,900,4,1,4695,203,4035,40,7,"corin.at bmsgpk_loader v0.4","https://mc1.rbk5.com/covid19/sozialministerium-datenseite/covid19-daten-20200724-2017.html",25.07.2020 10:45:09
25.07.2020 08:00:00,20301,711,18124,101,16,840890,393,11,360,0,0,452,13,430,0,0,3267,105,2935,13,4,3476,61,2949,28,2,1356,37,1224,6,1,2048,154,1777,8,3,3638,108,3497,2,0,930,19,900,4,1,4740,203,4052,40,5,"corin.at bmsgpk_loader v0.4","https://www.sozialministerium.at/Informationen-zum-Coronavirus/Neuartiges-Coronavirus-(2019-nCov).html",25.07.2020 10:46:32
25.07.2020 15:00:00,20332,711,18124,101,16,840890,397,11,360,0,0,452,13,430,0,0,3267,105,2935,13,4,3481,61,2949,28,2,1358,37,1224,6,1,2049,154,1777,8,3,3643,108,3497,2,0,940,19,900,4,1,4745,203,4052,40,5,"corin.at bmsgpk_loader v0.4","https://www.sozialministerium.at/Informationen-zum-Coronavirus/Neuartiges-Coronavirus-(2019-nCov).html",26.07.2020 08:55:17
26.07.2020 15:00:00,20456,712,18209,97,15,847898,398,11,362,0,0,453,13,430,0,0,3295,105,2936,11,4,3518,61,2978,28,2,1367,37,1226,7,1,2051,154,1786,7,2,3651,108,3500,2,0,940,19,901,4,1,4783,204,4090,38,5,"corin.at bmsgpk_loader v0.4","https://www.sozialministerium.at/Informationen-zum-Coronavirus/Neuartiges-Coronavirus-(2019-nCov).html",26.07.2020 20:15:59
27.07.2020 15:00:00,20541,713,18246,95,16,853169,403,11,363,0,0,456,13,430,0,0,3310,105,2937,12,4,3540,61,2988,25,3,1367,37,1229,7,1,2063,155,1786,4,1,3654,108,3503,2,0,943,19,901,4,1,4805,204,4109,41,6,"corin.at bmsgpk_loader v0.4","https://www.sozialministerium.at/Informationen-zum-Coronavirus/Neuartiges-Coronavirus-(2019-nCov).html",28.07.2020 07:14:34
28.07.2020 15:00:00,20681,713,18379,89,15,861206,406,11,363,0,0,456,13,431,0,0,3323,105,2971,12,4,3581,61,3032,21,3,1370,37,1232,7,1,2075,155,1791,6,1,3655,108,3510,2,0,947,19,902,3,0,4868,204,4147,38,6,"corin.at bmsgpk_loader v0.4","https://www.sozialministerium.at/Informationen-zum-Coronavirus/Neuartiges-Coronavirus-(2019-nCov).html",29.07.2020 07:44:37
29.07.2020 15:00:00,20837,716,18528,94,20,870602,407,11,368,1,1,457,13,431,0,0,3341,106,2981,13,4,3610,63,3089,21,4,1377,37,1235,7,1,2086,155,1810,6,0,3684,108,3519,2,1,953,19,902,3,0,4922,204,4193,41,9,"corin.at bmsgpk_loader v0.4","https://www.sozialministerium.at/Informationen-zum-Coronavirus/Neuartiges-Coronavirus-(2019-nCov).html",30.07.2020 06:48:11
30.07.2020 15:00:00,20989,718,18628,105,18,880036,415,11,366,3,0,459,13,434,0,0,3352,107,2989,12,4,3661,64,3123,23,3,1386,37,1245,7,1,2092,155,1821,7,0,3690,108,3524,3,1,954,19,902,3,0,4980,204,4224,47,9,"corin.at bmsgpk_loader v0.4","https://www.sozialministerium.at/Informationen-zum-Coronavirus/Neuartiges-Coronavirus-(2019-nCov).html",31.07.2020 08:05:52
31.07.2020 15:00:00,21083,718,18758,100,16,890461,417,11,373,2,1,460,13,435,0,0,3375,107,3004,10,4,3673,64,3151,22,3,1401,37,1251,6,1,2100,155,1829,7,0,3676,108,3531,4,0,957,19,903,3,0,5024,204,4281,46,7,"corin.at bmsgpk_loader v0.4","https://www.sozialministerium.at/Informationen-zum-Coronavirus/Neuartiges-Coronavirus-(2019-nCov).html",01.08.2020 08:22:57
01.08.2020 15:00:00,21194,718,18911,99,19,897819,419,11,375,1,0,465,13,436,0,0,3389,107,3025,10,3,3696,64,3191,22,3,1401,37,1259,6,1,2100,155,1848,7,3,3680,108,3538,4,0,958,19,906,2,0,5086,204,4333,47,9,"corin.at bmsgpk_loader v0.4","https://www.sozialministerium.at/Informationen-zum-Coronavirus/Neuartiges-Coronavirus-(2019-nCov).html",01.08.2020 16:18:30
02.08.2020 15:00:00,21266,718,18984,93,20,905314,419,11,375,0,0,467,13,436,0,0,3399,107,3040,9,3,3698,64,3211,22,3,1409,37,1262,7,0,2105,155,1852,7,3,3681,108,3540,4,0,958,19,913,2,0,5130,204,4355,42,11,"corin.at bmsgpk_loader v0.4","https://mc1.rbk5.com/covid19/sozialministerium-datenseite/covid19-daten-20200802-2017.html",03.08.2020 09:31:43
